asset_id,subject_type,subject_id,media_role,featured_rank,source_provider,source_record_id,source_file,source_archive_member,source_page_url,source_download_url,source_sha1,source_member_sha256,source_revision,source_mime,source_width,source_height,creator_name,creator_url,license_id,license_name,license_url,credit_line,attribution_required,rights_status,review_status,alt_en,alt_de,caption_en,caption_de,export_relpath
game-fallout3,game,fallout3,cover_art,,Wikimedia Commons,Q221164,Fallout 3 cover (cropped).png,,https://commons.wikimedia.org/wiki/File:Fallout_3_cover_(cropped).png,https://upload.wikimedia.org/wikipedia/commons/d/d8/Fallout_3_cover_%28cropped%29.png,5e947e5ff869d804451bf4b48ae89082b9258f56,12f51694c0dbda60b324974ad0f221461667fea5ac3f9d0eb14a87dca49f2e45,1251413016,image/png,270,365,Xbox México,https://www.youtube.com/@xboxmexico,CC BY 3.0,CC BY 3.0,https://creativecommons.org/licenses/by/3.0,This image has been extracted from another file,true,licensed,approved,Cover art for Fallout 3.,Covermotiv von Fallout 3.,Cover art for Fallout 3.,Covermotiv von Fallout 3.,originals/game-fallout3.png
issue-cbs012001,issue,CBS012001,disc_face,,Internet Archive,cbs-2000-09,2001/Scans/CBS012001_Scans.7z,img20220324_10581992.tif,https://archive.org/details/cbs-2000-09,https://archive.org/download/cbs-2000-09/2001/Scans/CBS012001_Scans.7z,924bee866e999b36b207ba84c42497d1ab51dde5,aa5d5b3fcf937bf888d3b6b799c239c6757f0da7e9093fbbbdd93e90dbb4e7f9,1782472043,image/tiff,2930,2955,,,,,,Disc scan from Internet Archive item cbs-2000-09.,true,not_specified,approved,Disc face for Computer Bild Spiele issue CBS012001.,"Datenträger von Computer Bild Spiele, Ausgabe CBS012001.",Original cover-disc scan for issue CBS012001.,Originalscan des Heft-Datenträgers für Ausgabe CBS012001.,originals/issue-cbs012001.tif
issue-cbs012002,issue,CBS012002,disc_face,,Internet Archive,cbs-2000-09,2002/Scans/CBS012002_Scans.7z,img20220326_10045133.tif,https://archive.org/details/cbs-2000-09,https://archive.org/download/cbs-2000-09/2002/Scans/CBS012002_Scans.7z,f1d670d346c5de89a85a425d7ed5d63adb7629f6,2d45fb54176caa321540ea3b864c221af2cba3860fed5954a4d35c58edef262e,1782472043,image/tiff,2906,2907,,,,,,Disc scan from Internet Archive item cbs-2000-09.,true,not_specified,approved,Disc face for Computer Bild Spiele issue CBS012002.,"Datenträger von Computer Bild Spiele, Ausgabe CBS012002.",Original cover-disc scan for issue CBS012002.,Originalscan des Heft-Datenträgers für Ausgabe CBS012002.,originals/issue-cbs012002.tif
issue-cbs012003,issue,CBS012003,disc_face,1,Internet Archive,cbs-2000-09,2003/Scans/CBS012003_Scans.7z,img20220327_17570216.tif,https://archive.org/details/cbs-2000-09,https://archive.org/download/cbs-2000-09/2003/Scans/CBS012003_Scans.7z,c3fcc729fe3307ae4c3c8d05036865a9d0c162a7,b53b330ebe36dd708bc2af8d24770abaf3a25907850b86f0c186168f58b04c00,1782472043,image/tiff,2894,2907,,,,,,Disc scan from Internet Archive item cbs-2000-09.,true,not_specified,approved,Disc face for Computer Bild Spiele issue CBS012003.,"Datenträger von Computer Bild Spiele, Ausgabe CBS012003.",Original cover-disc scan for issue CBS012003.,Originalscan des Heft-Datenträgers für Ausgabe CBS012003.,originals/issue-cbs012003.tif
issue-cbs012004,issue,CBS012004,disc_face,,Internet Archive,cbs-2000-09,2004/Scans/CBS012004_Scans.7z,img20220327_18562261.tif,https://archive.org/details/cbs-2000-09,https://archive.org/download/cbs-2000-09/2004/Scans/CBS012004_Scans.7z,af754b97c00ed43ba394c57d35783b0e6be352f5,7139eb4b0f6fb89ff9a59e4c02e0605383d7af21f6df3a378eb7dfc671547492,1782472043,image/tiff,2894,2907,,,,,,Disc scan from Internet Archive item cbs-2000-09.,true,not_specified,approved,Disc face for Computer Bild Spiele issue CBS012004.,"Datenträger von Computer Bild Spiele, Ausgabe CBS012004.",Original cover-disc scan for issue CBS012004.,Originalscan des Heft-Datenträgers für Ausgabe CBS012004.,originals/issue-cbs012004.tif
issue-cbs012005dvd,issue,CBS012005DVD,disc_face,,Internet Archive,cbs-2000-09,2005/Scans/CBS012005DVD_Scans.7z,img20220425_10281771.tif,https://archive.org/details/cbs-2000-09,https://archive.org/download/cbs-2000-09/2005/Scans/CBS012005DVD_Scans.7z,f4bc5fda033bbb9568bb75f8a3d9ca68c04766f4,8c7f5a409a21fac2d6f89db9bf501aa1863dae75e0e3c1c1beece087d2c2cff6,1782472043,image/tiff,2882,2931,,,,,,Disc scan from Internet Archive item cbs-2000-09.,true,not_specified,approved,Disc face for Computer Bild Spiele issue CBS012005DVD.,"Datenträger von Computer Bild Spiele, Ausgabe CBS012005DVD.",Original cover-disc scan for issue CBS012005DVD.,Originalscan des Heft-Datenträgers für Ausgabe CBS012005DVD.,originals/issue-cbs012005dvd.tif
issue-cbs012006dvd,issue,CBS012006DVD,disc_face,,Internet Archive,cbs-2000-09,2006/Scans/CBS012006DVD_Scan.7z,img20220501_18224207.tif,https://archive.org/details/cbs-2000-09,https://archive.org/download/cbs-2000-09/2006/Scans/CBS012006DVD_Scan.7z,0843c05ee34e7bf14bd283a36113364d38aa4ec1,f3f7fcbbc8e73b1f1175c5335188f15a173ba5f7bf39cd416ef4057b79b0ac40,1782472043,image/tiff,2893,2919,,,,,,Disc scan from Internet Archive item cbs-2000-09.,true,not_specified,approved,Disc face for Computer Bild Spiele issue CBS012006DVD.,"Datenträger von Computer Bild Spiele, Ausgabe CBS012006DVD.",Original cover-disc scan for issue CBS012006DVD.,Originalscan des Heft-Datenträgers für Ausgabe CBS012006DVD.,originals/issue-cbs012006dvd.tif
issue-cbs012007dvd,issue,CBS012007DVD,disc_face,,Internet Archive,cbs-2000-09,2007/Scans/CBS01_07_Scans.7z,img20220501_20222881.tif,https://archive.org/details/cbs-2000-09,https://archive.org/download/cbs-2000-09/2007/Scans/CBS01_07_Scans.7z,a695c5748e0467206b4ce1b518ce2ab7db3180ce,609a43f9c533864c5f4dde8d5984c087749fdd33f652c3e53401c7c4a796abed,1782472043,image/tiff,2893,2931,,,,,,Disc scan from Internet Archive item cbs-2000-09.,true,not_specified,approved,Disc face for Computer Bild Spiele issue CBS012007DVD.,"Datenträger von Computer Bild Spiele, Ausgabe CBS012007DVD.",Original cover-disc scan for issue CBS012007DVD.,Originalscan des Heft-Datenträgers für Ausgabe CBS012007DVD.,originals/issue-cbs012007dvd.tif
issue-cbs012007dvdgold,issue,CBS012007DVDGOLD,disc_face,,Internet Archive,cbs-2000-09,2007/Scans/CBS01_07Gold_Scans.7z,img20220507_12325709.tif,https://archive.org/details/cbs-2000-09,https://archive.org/download/cbs-2000-09/2007/Scans/CBS01_07Gold_Scans.7z,c05e92bd8948a9055e6dae6e70641f0bb87d8a07,df3cee5ee7041fd4c126bd32b50351c138b481471d60c842a57e106d2bda09e7,1782472043,image/tiff,2846,2918,,,,,,Disc scan from Internet Archive item cbs-2000-09.,true,not_specified,approved,Disc face for Computer Bild Spiele issue CBS012007DVDGOLD.,"Datenträger von Computer Bild Spiele, Ausgabe CBS012007DVDGOLD.",Original cover-disc scan for issue CBS012007DVDGOLD.,Originalscan des Heft-Datenträgers für Ausgabe CBS012007DVDGOLD.,originals/issue-cbs012007dvdgold.tif
issue-cbs012008dvd,issue,CBS012008DVD,disc_face,,Internet Archive,cbs-2000-09,2008/Scans/CBS01_08_Scans.7z,img20220508_20153308.tif,https://archive.org/details/cbs-2000-09,https://archive.org/download/cbs-2000-09/2008/Scans/CBS01_08_Scans.7z,9dc816bf2314257384c43320129fb34f192341cc,3ecdca0d52ef3678f68924e359713f1662906034acac406efba443083f2a0e96,1782472043,image/tiff,2893,2943,,,,,,Disc scan from Internet Archive item cbs-2000-09.,true,not_specified,approved,Disc face for Computer Bild Spiele issue CBS012008DVD.,"Datenträger von Computer Bild Spiele, Ausgabe CBS012008DVD.",Original cover-disc scan for issue CBS012008DVD.,Originalscan des Heft-Datenträgers für Ausgabe CBS012008DVD.,originals/issue-cbs012008dvd.tif
issue-cbs012008dvdgold,issue,CBS012008DVDGold,disc_face,,Internet Archive,cbs-2000-09,2008/Scans/CBS01_08Gold_Scans.7z,img20220508_20115211.tif,https://archive.org/details/cbs-2000-09,https://archive.org/download/cbs-2000-09/2008/Scans/CBS01_08Gold_Scans.7z,b3ba2f6d19185921dd2704c91dcdaab1193ac314,6428b3b3dcb9f83069f614a0241de9f699bce5ff6911bc9176f63f9b1321b6e3,1782472043,image/tiff,2905,2931,,,,,,Disc scan from Internet Archive item cbs-2000-09.,true,not_specified,approved,Disc face for Computer Bild Spiele issue CBS012008DVDGold.,"Datenträger von Computer Bild Spiele, Ausgabe CBS012008DVDGold.",Original cover-disc scan for issue CBS012008DVDGold.,Originalscan des Heft-Datenträgers für Ausgabe CBS012008DVDGold.,originals/issue-cbs012008dvdgold.tif
issue-cbs012009dvd,issue,CBS012009DVD,disc_face,,Internet Archive,cbs-2000-09,2009/Scans/CBS0109_Scans.7z,img20220522_14563766.tif,https://archive.org/details/cbs-2000-09,https://archive.org/download/cbs-2000-09/2009/Scans/CBS0109_Scans.7z,9d14e74fe2e5879e51db45bcf4e23aa3fea743b4,6313dccdc6aa985401aa1bff7fbda93bb0b6bcd81b3bac4a30bbe42d49c27746,1782472043,image/tiff,2893,2918,,,,,,Disc scan from Internet Archive item cbs-2000-09.,true,not_specified,approved,Disc face for Computer Bild Spiele issue CBS012009DVD.,"Datenträger von Computer Bild Spiele, Ausgabe CBS012009DVD.",Original cover-disc scan for issue CBS012009DVD.,Originalscan des Heft-Datenträgers für Ausgabe CBS012009DVD.,originals/issue-cbs012009dvd.tif
issue-cbs012009dvdgold,issue,CBS012009DVDGold,disc_face,,Internet Archive,cbs-2000-09,2009/Scans/CBS0109Gold_Scans.7z,img20220522_15132022.tif,https://archive.org/details/cbs-2000-09,https://archive.org/download/cbs-2000-09/2009/Scans/CBS0109Gold_Scans.7z,64a01692095c20bec8c3fb4274465cb678aff6ac,e103ceb0660aa10033ecf2ae8e61d6093c2ab68546d36890a1d68a4c4b2fe919,1782472043,image/tiff,2893,2931,,,,,,Disc scan from Internet Archive item cbs-2000-09.,true,not_specified,approved,Disc face for Computer Bild Spiele issue CBS012009DVDGold.,"Datenträger von Computer Bild Spiele, Ausgabe CBS012009DVDGold.",Original cover-disc scan for issue CBS012009DVDGold.,Originalscan des Heft-Datenträgers für Ausgabe CBS012009DVDGold.,originals/issue-cbs012009dvdgold.tif
issue-cbs012009dvdsonder,issue,CBS012009DVDSonder,disc_face,,Internet Archive,cbs-2000-09,2009/Scans/CBS0109SH_Scans.7z,img20220522_14524881.tif,https://archive.org/details/cbs-2000-09,https://archive.org/download/cbs-2000-09/2009/Scans/CBS0109SH_Scans.7z,5d5feb81707bf3c94d98a00eea1e7bd22065b08a,d89880c24d7469b766a264db68fc8a993974d768e882eee749e7ade22460af05,1782472043,image/tiff,2905,2931,,,,,,Disc scan from Internet Archive item cbs-2000-09.,true,not_specified,approved,Disc face for Computer Bild Spiele issue CBS012009DVDSonder.,"Datenträger von Computer Bild Spiele, Ausgabe CBS012009DVDSonder.",Original cover-disc scan for issue CBS012009DVDSonder.,Originalscan des Heft-Datenträgers für Ausgabe CBS012009DVDSonder.,originals/issue-cbs012009dvdsonder.tif
issue-cbs012010dvd,issue,CBS012010DVD,disc_face,,Internet Archive,cbs-2000-09,2010/Scans/CBS0110_Scans.7z,img20220522_20250230.tif,https://archive.org/details/cbs-2000-09,https://archive.org/download/cbs-2000-09/2010/Scans/CBS0110_Scans.7z,0ee0e5f87b693243994e0dfc6a410eaac30e067b,8ddacb277572f60bd60a0deacc7934d65e311e217c9e35631661c623934c1954,1782472043,image/tiff,2929,2907,,,,,,Disc scan from Internet Archive item cbs-2000-09.,true,not_specified,approved,Disc face for Computer Bild Spiele issue CBS012010DVD.,"Datenträger von Computer Bild Spiele, Ausgabe CBS012010DVD.",Original cover-disc scan for issue CBS012010DVD.,Originalscan des Heft-Datenträgers für Ausgabe CBS012010DVD.,originals/issue-cbs012010dvd.tif
issue-cbs022000,issue,CBS022000,disc_face,,Internet Archive,cbs-2000-09,2000/Scans/CBS022000_Scans.7z,img20220421_11192066.tif,https://archive.org/details/cbs-2000-09,https://archive.org/download/cbs-2000-09/2000/Scans/CBS022000_Scans.7z,5d585e658012db321c07feb4a92b26d5d51d228d,36bd8df32976ef96e3ee6fbcd3cc6e1e0ef2b7cf93d49fe4ca6b710a6451e826,1782472043,image/tiff,2917,2919,,,,,,Disc scan from Internet Archive item cbs-2000-09.,true,not_specified,approved,Disc face for Computer Bild Spiele issue CBS022000.,"Datenträger von Computer Bild Spiele, Ausgabe CBS022000.",Original cover-disc scan for issue CBS022000.,Originalscan des Heft-Datenträgers für Ausgabe CBS022000.,originals/issue-cbs022000.tif
issue-cbs022001,issue,CBS022001,disc_face,,Internet Archive,cbs-2000-09,2001/Scans/CBS022001_Scans.7z,img20220324_11015864.tif,https://archive.org/details/cbs-2000-09,https://archive.org/download/cbs-2000-09/2001/Scans/CBS022001_Scans.7z,8e4d980444c57a96c51cdbdaea97de8938025770,1938cd89dd6455c8c8d5f4f00a43b321995d73b6e1979134869462594fde71ab,1782472043,image/tiff,2930,2955,,,,,,Disc scan from Internet Archive item cbs-2000-09.,true,not_specified,approved,Disc face for Computer Bild Spiele issue CBS022001.,"Datenträger von Computer Bild Spiele, Ausgabe CBS022001.",Original cover-disc scan for issue CBS022001.,Originalscan des Heft-Datenträgers für Ausgabe CBS022001.,originals/issue-cbs022001.tif
issue-cbs022002,issue,CBS022002,disc_face,,Internet Archive,cbs-2000-09,2002/Scans/CBS022002_Scans.7z,img20220326_10113294.tif,https://archive.org/details/cbs-2000-09,https://archive.org/download/cbs-2000-09/2002/Scans/CBS022002_Scans.7z,b732f9c1dfbb0247bad46cd8536337898569d802,d95e70a8818afe0d069b97a89fd23f4412efe3d1e12725cd06b25cae6f587c26,1782472043,image/tiff,2918,2907,,,,,,Disc scan from Internet Archive item cbs-2000-09.,true,not_specified,approved,Disc face for Computer Bild Spiele issue CBS022002.,"Datenträger von Computer Bild Spiele, Ausgabe CBS022002.",Original cover-disc scan for issue CBS022002.,Originalscan des Heft-Datenträgers für Ausgabe CBS022002.,originals/issue-cbs022002.tif
issue-cbs022003,issue,CBS022003,disc_face,,Internet Archive,cbs-2000-09,2003/Scans/CBS022003_Scans.7z,img20220327_17595672.tif,https://archive.org/details/cbs-2000-09,https://archive.org/download/cbs-2000-09/2003/Scans/CBS022003_Scans.7z,56a4e74c2d965ce3c29e8bc10bdf305dce9733c3,7bdde554fb886381be6db8825926bee572aa7f0383a9d243b8cd8596304732e8,1782472043,image/tiff,2894,2907,,,,,,Disc scan from Internet Archive item cbs-2000-09.,true,not_specified,approved,Disc face for Computer Bild Spiele issue CBS022003.,"Datenträger von Computer Bild Spiele, Ausgabe CBS022003.",Original cover-disc scan for issue CBS022003.,Originalscan des Heft-Datenträgers für Ausgabe CBS022003.,originals/issue-cbs022003.tif
issue-cbs022004,issue,CBS022004,disc_face,,Internet Archive,cbs-2000-09,2004/Scans/CBS022004_Scans.7z,img20220327_19015995.tif,https://archive.org/details/cbs-2000-09,https://archive.org/download/cbs-2000-09/2004/Scans/CBS022004_Scans.7z,b07ca03447fe867cd580cea05ebf1f9714dc31e2,6fac34f6948d8e2100ba63eb924236a7c61b0e5874b234e0396242afb4033e3a,1782472043,image/tiff,2894,2907,,,,,,Disc scan from Internet Archive item cbs-2000-09.,true,not_specified,approved,Disc face for Computer Bild Spiele issue CBS022004.,"Datenträger von Computer Bild Spiele, Ausgabe CBS022004.",Original cover-disc scan for issue CBS022004.,Originalscan des Heft-Datenträgers für Ausgabe CBS022004.,originals/issue-cbs022004.tif
issue-cbs022005dvd,issue,CBS022005DVD,disc_face,,Internet Archive,cbs-2000-09,2005/Scans/CBS022005DVD_Scans.7z,img20220425_10312746.tif,https://archive.org/details/cbs-2000-09,https://archive.org/download/cbs-2000-09/2005/Scans/CBS022005DVD_Scans.7z,b13997a6e43a3222fdf80ba61e0c049ff84edff8,0fb9241d9150836ed87ef9665ffb29bf34ce06d87a3b351a8f1b7fc06d9d86af,1782472043,image/tiff,2882,2931,,,,,,Disc scan from Internet Archive item cbs-2000-09.,true,not_specified,approved,Disc face for Computer Bild Spiele issue CBS022005DVD.,"Datenträger von Computer Bild Spiele, Ausgabe CBS022005DVD.",Original cover-disc scan for issue CBS022005DVD.,Originalscan des Heft-Datenträgers für Ausgabe CBS022005DVD.,originals/issue-cbs022005dvd.tif
issue-cbs022006dvd,issue,CBS022006DVD,disc_face,,Internet Archive,cbs-2000-09,2006/Scans/CBS022006DVD_Scan.7z,img20220501_18261618.tif,https://archive.org/details/cbs-2000-09,https://archive.org/download/cbs-2000-09/2006/Scans/CBS022006DVD_Scan.7z,443f28d88b8112466ccdd3cc9b5c43c434e77197,098e5ec5692624932c8914e608e9905d5c39b579b65961312fe6fdf34400b7a2,1782472043,image/tiff,2881,2907,,,,,,Disc scan from Internet Archive item cbs-2000-09.,true,not_specified,approved,Disc face for Computer Bild Spiele issue CBS022006DVD.,"Datenträger von Computer Bild Spiele, Ausgabe CBS022006DVD.",Original cover-disc scan for issue CBS022006DVD.,Originalscan des Heft-Datenträgers für Ausgabe CBS022006DVD.,originals/issue-cbs022006dvd.tif
issue-cbs022007dvd,issue,CBS022007DVD,disc_face,,Internet Archive,cbs-2000-09,2007/Scans/CBS02_07_Scans.7z,img20220507_12372285.tif,https://archive.org/details/cbs-2000-09,https://archive.org/download/cbs-2000-09/2007/Scans/CBS02_07_Scans.7z,15f36f98cb4e4ef2f14b3182ebacded34763ada4,b8c08146c36ff1fd7a0781c452c6e01293737bdc53fae10e0633f88b9703c08a,1782472043,image/tiff,2869,2895,,,,,,Disc scan from Internet Archive item cbs-2000-09.,true,not_specified,approved,Disc face for Computer Bild Spiele issue CBS022007DVD.,"Datenträger von Computer Bild Spiele, Ausgabe CBS022007DVD.",Original cover-disc scan for issue CBS022007DVD.,Originalscan des Heft-Datenträgers für Ausgabe CBS022007DVD.,originals/issue-cbs022007dvd.tif
issue-cbs022007dvdgold,issue,CBS022007DVDGOLD,disc_face,,Internet Archive,cbs-2000-09,2007/Scans/CBS02_07Gold_Scans.7z,img20220507_12414008.tif,https://archive.org/details/cbs-2000-09,https://archive.org/download/cbs-2000-09/2007/Scans/CBS02_07Gold_Scans.7z,75b969bc98a3e36f221df5c6b19629160298d1aa,50168916e1af18f907fd6e117aacb1fbccdc0ca12d72e3a2950b8775b60f3428,1782472043,image/tiff,2906,2907,,,,,,Disc scan from Internet Archive item cbs-2000-09.,true,not_specified,approved,Disc face for Computer Bild Spiele issue CBS022007DVDGOLD.,"Datenträger von Computer Bild Spiele, Ausgabe CBS022007DVDGOLD.",Original cover-disc scan for issue CBS022007DVDGOLD.,Originalscan des Heft-Datenträgers für Ausgabe CBS022007DVDGOLD.,originals/issue-cbs022007dvdgold.tif
issue-cbs022008dvd,issue,CBS022008DVD,disc_face,,Internet Archive,cbs-2000-09,2008/Scans/CBS02_08_Scans.7z,img20220508_20234623.tif,https://archive.org/details/cbs-2000-09,https://archive.org/download/cbs-2000-09/2008/Scans/CBS02_08_Scans.7z,2ccad9bf4a42be470477c22126fe3f86b003dc80,1de2adfd4982859ab186aeda4df4125797e3e9120cf0b336c76c7b877c0a4fa2,1782472043,image/tiff,2906,2907,,,,,,Disc scan from Internet Archive item cbs-2000-09.,true,not_specified,approved,Disc face for Computer Bild Spiele issue CBS022008DVD.,"Datenträger von Computer Bild Spiele, Ausgabe CBS022008DVD.",Original cover-disc scan for issue CBS022008DVD.,Originalscan des Heft-Datenträgers für Ausgabe CBS022008DVD.,originals/issue-cbs022008dvd.tif
issue-cbs022008dvdgold,issue,CBS022008DVDGold,disc_face,,Internet Archive,cbs-2000-09,2008/Scans/CBS02_08Gold_Scans.7z,img20220508_20193038.tif,https://archive.org/details/cbs-2000-09,https://archive.org/download/cbs-2000-09/2008/Scans/CBS02_08Gold_Scans.7z,796fa45262afd9891f69ee151c05ee01c9084d33,0f392eb2aa6fb647a29eca2ce7bfd5321750baa41b1275ad9a1e0a55d3c068a7,1782472043,image/tiff,2905,2919,,,,,,Disc scan from Internet Archive item cbs-2000-09.,true,not_specified,approved,Disc face for Computer Bild Spiele issue CBS022008DVDGold.,"Datenträger von Computer Bild Spiele, Ausgabe CBS022008DVDGold.",Original cover-disc scan for issue CBS022008DVDGold.,Originalscan des Heft-Datenträgers für Ausgabe CBS022008DVDGold.,originals/issue-cbs022008dvdgold.tif
issue-cbs022009dvd,issue,CBS022009DVD,disc_face,,Internet Archive,cbs-2000-09,2009/Scans/CBS0209_Scans.7z,img20220522_15034409.tif,https://archive.org/details/cbs-2000-09,https://archive.org/download/cbs-2000-09/2009/Scans/CBS0209_Scans.7z,2f3703b9db75d4b51cde60839d244cca7eee51e8,64e8862feed3f9cfaeed13e66e56edd60a26c3035f55a8f2597e11a4c043624c,1782472043,image/tiff,2893,2907,,,,,,Disc scan from Internet Archive item cbs-2000-09.,true,not_specified,approved,Disc face for Computer Bild Spiele issue CBS022009DVD.,"Datenträger von Computer Bild Spiele, Ausgabe CBS022009DVD.",Original cover-disc scan for issue CBS022009DVD.,Originalscan des Heft-Datenträgers für Ausgabe CBS022009DVD.,originals/issue-cbs022009dvd.tif
issue-cbs022009dvdgold,issue,CBS022009DVDGold,disc_face,,Internet Archive,cbs-2000-09,2009/Scans/CBS0209Gold_Scans.7z,img20220522_15001647.tif,https://archive.org/details/cbs-2000-09,https://archive.org/download/cbs-2000-09/2009/Scans/CBS0209Gold_Scans.7z,0435c1b883f5f0d016fa71bbc7c41f9e91d3961b,95ffd24accf3f7b6fdb99810162b5d2b02c4a049ca614e74facee5e12eb85a94,1782472043,image/tiff,2893,2907,,,,,,Disc scan from Internet Archive item cbs-2000-09.,true,not_specified,approved,Disc face for Computer Bild Spiele issue CBS022009DVDGold.,"Datenträger von Computer Bild Spiele, Ausgabe CBS022009DVDGold.",Original cover-disc scan for issue CBS022009DVDGold.,Originalscan des Heft-Datenträgers für Ausgabe CBS022009DVDGold.,originals/issue-cbs022009dvdgold.tif
issue-cbs022010dvdgold,issue,CBS022010DVDGold,disc_face,,Internet Archive,cbs-2000-09,2010/Scans/CBS0210Gold_Scans.7z,img20220522_20292622.tif,https://archive.org/details/cbs-2000-09,https://archive.org/download/cbs-2000-09/2010/Scans/CBS0210Gold_Scans.7z,cc6b754ad1f178b10a1ebe770a47ea5cdfd07682,5905a0a81ae5a5414f3126dcc087163e92e1d1ee3259fa7d4088c209b80b868d,1782472043,image/tiff,2869,2895,,,,,,Disc scan from Internet Archive item cbs-2000-09.,true,not_specified,approved,Disc face for Computer Bild Spiele issue CBS022010DVDGold.,"Datenträger von Computer Bild Spiele, Ausgabe CBS022010DVDGold.",Original cover-disc scan for issue CBS022010DVDGold.,Originalscan des Heft-Datenträgers für Ausgabe CBS022010DVDGold.,originals/issue-cbs022010dvdgold.tif
issue-cbs032001,issue,CBS032001,disc_face,,Internet Archive,cbs-2000-09,2001/Scans/CBS032001_Scans.7z,img20220324_11215550.tif,https://archive.org/details/cbs-2000-09,https://archive.org/download/cbs-2000-09/2001/Scans/CBS032001_Scans.7z,ae7eacfabef082d7e02aefc62ba416b91f4d0c34,ca7bb474e6f6d15d9bc763fef11a87e454abdb91915ec9e27cf566cf53791753,1782472043,image/tiff,2906,2907,,,,,,Disc scan from Internet Archive item cbs-2000-09.,true,not_specified,approved,Disc face for Computer Bild Spiele issue CBS032001.,"Datenträger von Computer Bild Spiele, Ausgabe CBS032001.",Original cover-disc scan for issue CBS032001.,Originalscan des Heft-Datenträgers für Ausgabe CBS032001.,originals/issue-cbs032001.tif
issue-cbs032002,issue,CBS032002,disc_face,,Internet Archive,cbs-2000-09,2002/Scans/CBS032002_Scans.7z,img20220326_10150903.tif,https://archive.org/details/cbs-2000-09,https://archive.org/download/cbs-2000-09/2002/Scans/CBS032002_Scans.7z,be8713cc4542bcce6c2250a6907dc9d295cbdd88,705610b2d44b14a01708eb27451d8e5c8c6929f4b4ca1d88eb03de68c6e98db5,1782472043,image/tiff,2918,2907,,,,,,Disc scan from Internet Archive item cbs-2000-09.,true,not_specified,approved,Disc face for Computer Bild Spiele issue CBS032002.,"Datenträger von Computer Bild Spiele, Ausgabe CBS032002.",Original cover-disc scan for issue CBS032002.,Originalscan des Heft-Datenträgers für Ausgabe CBS032002.,originals/issue-cbs032002.tif
issue-cbs032003,issue,CBS032003,disc_face,,Internet Archive,cbs-2000-09,2003/Scans/CBS032003_Scans.7z,img20220327_18030980.tif,https://archive.org/details/cbs-2000-09,https://archive.org/download/cbs-2000-09/2003/Scans/CBS032003_Scans.7z,88e3b705d1109fae1c85cbfcf9a5376b3627e543,db72f87a61b44df5e13f333002b0fc3f3832f0d7ad237e32701d671d10469be8,1782472043,image/tiff,2894,2907,,,,,,Disc scan from Internet Archive item cbs-2000-09.,true,not_specified,approved,Disc face for Computer Bild Spiele issue CBS032003.,"Datenträger von Computer Bild Spiele, Ausgabe CBS032003.",Original cover-disc scan for issue CBS032003.,Originalscan des Heft-Datenträgers für Ausgabe CBS032003.,originals/issue-cbs032003.tif
issue-cbs032004-cd1,issue,CBS032004 (CD1),disc_face,,Internet Archive,cbs-2000-09,2004/Scans/CBS032004(1)_Scans.7z,img20220327_19051229.tif,https://archive.org/details/cbs-2000-09,https://archive.org/download/cbs-2000-09/2004/Scans/CBS032004%281%29_Scans.7z,0eae96333255785ae07535009bcb6c1a8b450d00,207f6e33249934f7fb0b91deb0badd175b2686289b4edd6b156ec9db3d13ed9c,1782472043,image/tiff,2894,2907,,,,,,Disc scan from Internet Archive item cbs-2000-09.,true,not_specified,approved,Disc face for Computer Bild Spiele issue CBS032004 (CD1).,"Datenträger von Computer Bild Spiele, Ausgabe CBS032004 (CD1).",Original cover-disc scan for issue CBS032004 (CD1).,Originalscan des Heft-Datenträgers für Ausgabe CBS032004 (CD1).,originals/issue-cbs032004-cd1.tif
issue-cbs032004-cd2,issue,CBS032004 (CD2),disc_face,,Internet Archive,cbs-2000-09,2004/Scans/CBS032004(2)_Scans.7z,img20220327_19091318.tif,https://archive.org/details/cbs-2000-09,https://archive.org/download/cbs-2000-09/2004/Scans/CBS032004%282%29_Scans.7z,ccb7f98e848491e32a7bfdf54365fd3417c84272,092996e7b319ceaeea3b6ef847dc2360331952c6a90f06438ed8b838de280598,1782472043,image/tiff,2894,2907,,,,,,Disc scan from Internet Archive item cbs-2000-09.,true,not_specified,approved,Disc face for Computer Bild Spiele issue CBS032004 (CD2).,"Datenträger von Computer Bild Spiele, Ausgabe CBS032004 (CD2).",Original cover-disc scan for issue CBS032004 (CD2).,Originalscan des Heft-Datenträgers für Ausgabe CBS032004 (CD2).,originals/issue-cbs032004-cd2.tif
issue-cbs032005dvd,issue,CBS032005DVD,disc_face,2,Internet Archive,cbs-2000-09,2005/Scans/CBS032005DVD_scans.7z,img20220425_10354823.tif,https://archive.org/details/cbs-2000-09,https://archive.org/download/cbs-2000-09/2005/Scans/CBS032005DVD_scans.7z,e98093483d0ec6bac6909eef0e0f316373d8c0fd,e42dd03963bf2fc3cfbe92c3877af9febe818e46397756f2176d417f2beff440,1782472043,image/tiff,2882,2919,,,,,,Disc scan from Internet Archive item cbs-2000-09.,true,not_specified,approved,Disc face for Computer Bild Spiele issue CBS032005DVD.,"Datenträger von Computer Bild Spiele, Ausgabe CBS032005DVD.",Original cover-disc scan for issue CBS032005DVD.,Originalscan des Heft-Datenträgers für Ausgabe CBS032005DVD.,originals/issue-cbs032005dvd.tif
issue-cbs032006dvd,issue,CBS032006DVD,disc_face,,Internet Archive,cbs-2000-09,2006/Scans/CBS032006DVD_Scan.7z,img20220501_18294221.tif,https://archive.org/details/cbs-2000-09,https://archive.org/download/cbs-2000-09/2006/Scans/CBS032006DVD_Scan.7z,69ef71322e00de7523d3b9a15d5b5da26059e502,b91e166faf3f9a459d880a651df4ee1a07c1a8e9aeaee4269c4ee58797e36027,1782472043,image/tiff,2905,2895,,,,,,Disc scan from Internet Archive item cbs-2000-09.,true,not_specified,approved,Disc face for Computer Bild Spiele issue CBS032006DVD.,"Datenträger von Computer Bild Spiele, Ausgabe CBS032006DVD.",Original cover-disc scan for issue CBS032006DVD.,Originalscan des Heft-Datenträgers für Ausgabe CBS032006DVD.,originals/issue-cbs032006dvd.tif
issue-cbs032007dvd,issue,CBS032007DVD,disc_face,,Internet Archive,cbs-2000-09,2007/Scans/CBS03_07_Scans.7z,img20220508_17413109.tif,https://archive.org/details/cbs-2000-09,https://archive.org/download/cbs-2000-09/2007/Scans/CBS03_07_Scans.7z,5da8fcb6d3d3618a1d1883e38bfc5f3b0694e529,9dfcbcfba565cd012f62d8033ee569003683583802853bc72209074703bc62b1,1782472043,image/tiff,2906,2919,,,,,,Disc scan from Internet Archive item cbs-2000-09.,true,not_specified,approved,Disc face for Computer Bild Spiele issue CBS032007DVD.,"Datenträger von Computer Bild Spiele, Ausgabe CBS032007DVD.",Original cover-disc scan for issue CBS032007DVD.,Originalscan des Heft-Datenträgers für Ausgabe CBS032007DVD.,originals/issue-cbs032007dvd.tif
issue-cbs032007dvdgold,issue,CBS032007DVDGold,disc_face,,Internet Archive,cbs-2000-09,2007/Scans/CBS03_07Gold_Scans.7z,img20220508_17305751.tif,https://archive.org/details/cbs-2000-09,https://archive.org/download/cbs-2000-09/2007/Scans/CBS03_07Gold_Scans.7z,7a253bb766653570b1da0a1eacc83158afdb5629,e7b23db50eb6c95646f79bce712c668f76c04317d8ef67141eac7538427e815c,1782472043,image/tiff,2917,2918,,,,,,Disc scan from Internet Archive item cbs-2000-09.,true,not_specified,approved,Disc face for Computer Bild Spiele issue CBS032007DVDGold.,"Datenträger von Computer Bild Spiele, Ausgabe CBS032007DVDGold.",Original cover-disc scan for issue CBS032007DVDGold.,Originalscan des Heft-Datenträgers für Ausgabe CBS032007DVDGold.,originals/issue-cbs032007dvdgold.tif
issue-cbs032008dvd,issue,CBS032008DVD,disc_face,,Internet Archive,cbs-2000-09,2008/Scans/CBS03_08_Scans.7z,img20220508_20331803.tif,https://archive.org/details/cbs-2000-09,https://archive.org/download/cbs-2000-09/2008/Scans/CBS03_08_Scans.7z,b3be32168425413fa9aba2016c87271b4aa85420,44507092f82ecb263d23f622e227251c86ac1388e1b8930be05c1251ffe5b9b1,1782472043,image/tiff,2906,2895,,,,,,Disc scan from Internet Archive item cbs-2000-09.,true,not_specified,approved,Disc face for Computer Bild Spiele issue CBS032008DVD.,"Datenträger von Computer Bild Spiele, Ausgabe CBS032008DVD.",Original cover-disc scan for issue CBS032008DVD.,Originalscan des Heft-Datenträgers für Ausgabe CBS032008DVD.,originals/issue-cbs032008dvd.tif
issue-cbs032008dvdgold,issue,CBS032008DVDGold,disc_face,,Internet Archive,cbs-2000-09,2008/Scans/CBS03_08Gold_Scans.7z,img20220508_20284929.tif,https://archive.org/details/cbs-2000-09,https://archive.org/download/cbs-2000-09/2008/Scans/CBS03_08Gold_Scans.7z,9a036e7e78fd204474050fbb2283ddb1825fb8ef,74c911c5d9c07b83ddf34897b92eb72959088e565eb3b8cda55665eb20d5a41f,1782472043,image/tiff,2941,2919,,,,,,Disc scan from Internet Archive item cbs-2000-09.,true,not_specified,approved,Disc face for Computer Bild Spiele issue CBS032008DVDGold.,"Datenträger von Computer Bild Spiele, Ausgabe CBS032008DVDGold.",Original cover-disc scan for issue CBS032008DVDGold.,Originalscan des Heft-Datenträgers für Ausgabe CBS032008DVDGold.,originals/issue-cbs032008dvdgold.tif
issue-cbs032009dvd,issue,CBS032009DVD,disc_face,,Internet Archive,cbs-2000-09,2009/Scans/CBS0309_Scans.7z,img20220522_17384965.tif,https://archive.org/details/cbs-2000-09,https://archive.org/download/cbs-2000-09/2009/Scans/CBS0309_Scans.7z,e545dae7af868bfcc3d5a8177d8058ef7b593b10,f3438982678adc8919adba5bdb54333af14c9a1349e47da7236a888d4e593b19,1782472043,image/tiff,2905,2919,,,,,,Disc scan from Internet Archive item cbs-2000-09.,true,not_specified,approved,Disc face for Computer Bild Spiele issue CBS032009DVD.,"Datenträger von Computer Bild Spiele, Ausgabe CBS032009DVD.",Original cover-disc scan for issue CBS032009DVD.,Originalscan des Heft-Datenträgers für Ausgabe CBS032009DVD.,originals/issue-cbs032009dvd.tif
issue-cbs032009dvdgold,issue,CBS032009DVDGold,disc_face,,Internet Archive,cbs-2000-09,2009/Scans/CBS0309Gold_Scans.7z,img20220522_17351008.tif,https://archive.org/details/cbs-2000-09,https://archive.org/download/cbs-2000-09/2009/Scans/CBS0309Gold_Scans.7z,f9eb4c10a687d2f2d1846f5c069c5386c5413c7a,cc6654d6e0d0825aa91bca049804b94e09311061f2945d15a86855170495824a,1782472043,image/tiff,2917,2931,,,,,,Disc scan from Internet Archive item cbs-2000-09.,true,not_specified,approved,Disc face for Computer Bild Spiele issue CBS032009DVDGold.,"Datenträger von Computer Bild Spiele, Ausgabe CBS032009DVDGold.",Original cover-disc scan for issue CBS032009DVDGold.,Originalscan des Heft-Datenträgers für Ausgabe CBS032009DVDGold.,originals/issue-cbs032009dvdgold.tif
issue-cbs032010dvdgold,issue,CBS032010DVDGold,disc_face,,Internet Archive,cbs-2000-09,2010/Scans/CBS0310Gold_Scans.7z,img20220522_20393124.tif,https://archive.org/details/cbs-2000-09,https://archive.org/download/cbs-2000-09/2010/Scans/CBS0310Gold_Scans.7z,4aae92f9751f179a434de1f8754514a1175eb78c,9b7d3e6936c496e123912e521c86613b37a6b1e744132071d671fab108edf2e1,1782472043,image/tiff,2893,2907,,,,,,Disc scan from Internet Archive item cbs-2000-09.,true,not_specified,approved,Disc face for Computer Bild Spiele issue CBS032010DVDGold.,"Datenträger von Computer Bild Spiele, Ausgabe CBS032010DVDGold.",Original cover-disc scan for issue CBS032010DVDGold.,Originalscan des Heft-Datenträgers für Ausgabe CBS032010DVDGold.,originals/issue-cbs032010dvdgold.tif
issue-cbs042000,issue,CBS042000,disc_face,,Internet Archive,cbs-2000-09,2000/Scans/CBS042000_Scans.7z,img20220421_11294789.tif,https://archive.org/details/cbs-2000-09,https://archive.org/download/cbs-2000-09/2000/Scans/CBS042000_Scans.7z,9a1359fceec74e6723831a509fe824b7ee4e7858,cc6e055cee51be8a450a5a475f8a02a558ce5e405caa1dbc26d5b6296dabb121,1782472043,image/tiff,2893,2883,,,,,,Disc scan from Internet Archive item cbs-2000-09.,true,not_specified,approved,Disc face for Computer Bild Spiele issue CBS042000.,"Datenträger von Computer Bild Spiele, Ausgabe CBS042000.",Original cover-disc scan for issue CBS042000.,Originalscan des Heft-Datenträgers für Ausgabe CBS042000.,originals/issue-cbs042000.tif
issue-cbs042001,issue,CBS042001,disc_face,,Internet Archive,cbs-2000-09,2001/Scans/CBS042001_Scans.7z,img20220324_11253220.tif,https://archive.org/details/cbs-2000-09,https://archive.org/download/cbs-2000-09/2001/Scans/CBS042001_Scans.7z,deb80425df9619d3f7162c85ee114617cf25720a,1e6f9d84b1b6c372d350b8e766ddda57b5b0a6d7d916df5225e81a6cd436fc0d,1782472043,image/tiff,2906,2907,,,,,,Disc scan from Internet Archive item cbs-2000-09.,true,not_specified,approved,Disc face for Computer Bild Spiele issue CBS042001.,"Datenträger von Computer Bild Spiele, Ausgabe CBS042001.",Original cover-disc scan for issue CBS042001.,Originalscan des Heft-Datenträgers für Ausgabe CBS042001.,originals/issue-cbs042001.tif
issue-cbs042002,issue,CBS042002,disc_face,,Internet Archive,cbs-2000-09,2002/Scans/CBS042002_Scans.7z,img20220326_10192047.tif,https://archive.org/details/cbs-2000-09,https://archive.org/download/cbs-2000-09/2002/Scans/CBS042002_Scans.7z,fa4346121ecec765f100d961af42a7456e3693c4,fc06420f2b3aac1a67f651d91fb53699b7e10b874873b4c9bcd358267d70a25e,1782472043,image/tiff,2893,2931,,,,,,Disc scan from Internet Archive item cbs-2000-09.,true,not_specified,approved,Disc face for Computer Bild Spiele issue CBS042002.,"Datenträger von Computer Bild Spiele, Ausgabe CBS042002.",Original cover-disc scan for issue CBS042002.,Originalscan des Heft-Datenträgers für Ausgabe CBS042002.,originals/issue-cbs042002.tif
issue-cbs042003,issue,CBS042003,disc_face,,Internet Archive,cbs-2000-09,2003/Scans/CBS042003_Scans.7z,img20220327_18061083.tif,https://archive.org/details/cbs-2000-09,https://archive.org/download/cbs-2000-09/2003/Scans/CBS042003_Scans.7z,2a8d8a8888382115f0c896992ece84c56593f8c9,e822c81c75a34764d854739ebcb95c4375765ecb41798fd420e847a1f3dba144,1782472043,image/tiff,2894,2907,,,,,,Disc scan from Internet Archive item cbs-2000-09.,true,not_specified,approved,Disc face for Computer Bild Spiele issue CBS042003.,"Datenträger von Computer Bild Spiele, Ausgabe CBS042003.",Original cover-disc scan for issue CBS042003.,Originalscan des Heft-Datenträgers für Ausgabe CBS042003.,originals/issue-cbs042003.tif
issue-cbs042004,issue,CBS042004,disc_face,,Internet Archive,cbs-2000-09,2004/Scans/CBS042004_Scans.7z,img20220327_19134093.tif,https://archive.org/details/cbs-2000-09,https://archive.org/download/cbs-2000-09/2004/Scans/CBS042004_Scans.7z,5db62aa575df6ba2c00072df2e3aa7472c0f2bc9,d999cbc736878176bc2eb7c966398a4815b13c1d94ba4be13ee9bd63141e4610,1782472043,image/tiff,2894,2907,,,,,,Disc scan from Internet Archive item cbs-2000-09.,true,not_specified,approved,Disc face for Computer Bild Spiele issue CBS042004.,"Datenträger von Computer Bild Spiele, Ausgabe CBS042004.",Original cover-disc scan for issue CBS042004.,Originalscan des Heft-Datenträgers für Ausgabe CBS042004.,originals/issue-cbs042004.tif
issue-cbs042005dvd,issue,CBS042005DVD,disc_face,,Internet Archive,cbs-2000-09,2005/Scans/CBS042005DVD_Scans.7z,img20220425_10410396.tif,https://archive.org/details/cbs-2000-09,https://archive.org/download/cbs-2000-09/2005/Scans/CBS042005DVD_Scans.7z,a6e6316e404c1264880de65357b2d0ea4a8f2dcd,9c9a05ca578b222ebc0ce214892c9a24fb1adc80a3bee6730cea6b9c0984c0af,1782472043,image/tiff,2893,2931,,,,,,Disc scan from Internet Archive item cbs-2000-09.,true,not_specified,approved,Disc face for Computer Bild Spiele issue CBS042005DVD.,"Datenträger von Computer Bild Spiele, Ausgabe CBS042005DVD.",Original cover-disc scan for issue CBS042005DVD.,Originalscan des Heft-Datenträgers für Ausgabe CBS042005DVD.,originals/issue-cbs042005dvd.tif
issue-cbs042006dvd,issue,CBS042006DVD,disc_face,,Internet Archive,cbs-2000-09,2006/Scans/CBS042006DVD_Scan.7z,img20220501_18343006.tif,https://archive.org/details/cbs-2000-09,https://archive.org/download/cbs-2000-09/2006/Scans/CBS042006DVD_Scan.7z,cbd2567be0b42f4287a84bf35f460695740fc8b2,47e9f8b0778a232dbe276fde0a29f02bdd6932dedd727ca00c1867c6bb4378ca,1782472043,image/tiff,2882,2895,,,,,,Disc scan from Internet Archive item cbs-2000-09.,true,not_specified,approved,Disc face for Computer Bild Spiele issue CBS042006DVD.,"Datenträger von Computer Bild Spiele, Ausgabe CBS042006DVD.",Original cover-disc scan for issue CBS042006DVD.,Originalscan des Heft-Datenträgers für Ausgabe CBS042006DVD.,originals/issue-cbs042006dvd.tif
issue-cbs042007dvd,issue,CBS042007DVD,disc_face,,Internet Archive,cbs-2000-09,2007/Scans/CBS04_07_Scans.7z,img20220508_18333946.tif,https://archive.org/details/cbs-2000-09,https://archive.org/download/cbs-2000-09/2007/Scans/CBS04_07_Scans.7z,2122b162bd12a9efb862579155d69c36d5f7846b,b57e2a54944b0ed5184ae4971eb65cf59cd6635d661a23fe94208d9cddfa5266,1782472043,image/tiff,2893,2895,,,,,,Disc scan from Internet Archive item cbs-2000-09.,true,not_specified,approved,Disc face for Computer Bild Spiele issue CBS042007DVD.,"Datenträger von Computer Bild Spiele, Ausgabe CBS042007DVD.",Original cover-disc scan for issue CBS042007DVD.,Originalscan des Heft-Datenträgers für Ausgabe CBS042007DVD.,originals/issue-cbs042007dvd.tif
issue-cbs042007dvdgold,issue,CBS042007DVDGold,disc_face,,Internet Archive,cbs-2000-09,2007/Scans/CBS04_07Gold_Scans.7z,img20220508_17460065.tif,https://archive.org/details/cbs-2000-09,https://archive.org/download/cbs-2000-09/2007/Scans/CBS04_07Gold_Scans.7z,5cfa040dfe7a003f1e6b93993a0239b9e826d218,721c420dd50d80a32a08bb94aed6a19da41718f9c216499416be074550ea66e7,1782472043,image/tiff,2905,2907,,,,,,Disc scan from Internet Archive item cbs-2000-09.,true,not_specified,approved,Disc face for Computer Bild Spiele issue CBS042007DVDGold.,"Datenträger von Computer Bild Spiele, Ausgabe CBS042007DVDGold.",Original cover-disc scan for issue CBS042007DVDGold.,Originalscan des Heft-Datenträgers für Ausgabe CBS042007DVDGold.,originals/issue-cbs042007dvdgold.tif
issue-cbs042008dvd,issue,CBS042008DVD,disc_face,,Internet Archive,cbs-2000-09,2008/Scans/CBS04_08_Scans.7z,img20220508_20421226.tif,https://archive.org/details/cbs-2000-09,https://archive.org/download/cbs-2000-09/2008/Scans/CBS04_08_Scans.7z,9af69f90d3034cf5290d5672bc8c8e64ad22df45,9031d2921bce5dcd42b0c2f75bdb5fa2fab91d81686352810d4a8a8c845975d9,1782472043,image/tiff,2857,2907,,,,,,Disc scan from Internet Archive item cbs-2000-09.,true,not_specified,approved,Disc face for Computer Bild Spiele issue CBS042008DVD.,"Datenträger von Computer Bild Spiele, Ausgabe CBS042008DVD.",Original cover-disc scan for issue CBS042008DVD.,Originalscan des Heft-Datenträgers für Ausgabe CBS042008DVD.,originals/issue-cbs042008dvd.tif
issue-cbs042008dvdgold,issue,CBS042008DVDGold,disc_face,,Internet Archive,cbs-2000-09,2008/Scans/CBS04_08Gold_Scans.7z,img20220508_20380185.tif,https://archive.org/details/cbs-2000-09,https://archive.org/download/cbs-2000-09/2008/Scans/CBS04_08Gold_Scans.7z,cf8ca2380ba00ff5c1695cf9bb5a71ceabe3bfa7,8d9e639a1835408c7954b5b32dd73179d92a314d1f45fcab559e52af877fa4cd,1782472043,image/tiff,2905,2919,,,,,,Disc scan from Internet Archive item cbs-2000-09.,true,not_specified,approved,Disc face for Computer Bild Spiele issue CBS042008DVDGold.,"Datenträger von Computer Bild Spiele, Ausgabe CBS042008DVDGold.",Original cover-disc scan for issue CBS042008DVDGold.,Originalscan des Heft-Datenträgers für Ausgabe CBS042008DVDGold.,originals/issue-cbs042008dvdgold.tif
issue-cbs042009dvd,issue,CBS042009DVD,disc_face,,Internet Archive,cbs-2000-09,2009/Scans/CBS0409_Scans.7z,img20220522_17473577.tif,https://archive.org/details/cbs-2000-09,https://archive.org/download/cbs-2000-09/2009/Scans/CBS0409_Scans.7z,973f0f25324eb12f260155d06d3d405f31287a96,6afce77e591b0a914fb68013586614d453ddda7b365a0ded2d5276ac6186c34f,1782472043,image/tiff,2882,2943,,,,,,Disc scan from Internet Archive item cbs-2000-09.,true,not_specified,approved,Disc face for Computer Bild Spiele issue CBS042009DVD.,"Datenträger von Computer Bild Spiele, Ausgabe CBS042009DVD.",Original cover-disc scan for issue CBS042009DVD.,Originalscan des Heft-Datenträgers für Ausgabe CBS042009DVD.,originals/issue-cbs042009dvd.tif
issue-cbs042009dvdgold,issue,CBS042009DVDGold,disc_face,,Internet Archive,cbs-2000-09,2009/Scans/CBS0409Gold_Scans.7z,img20220522_17430606.tif,https://archive.org/details/cbs-2000-09,https://archive.org/download/cbs-2000-09/2009/Scans/CBS0409Gold_Scans.7z,ee44584f6be77805f67bc111837d96906bd757eb,99e72bd23704c630280080a96474d95b1f5ee45a796bba2515af031df125553d,1782472043,image/tiff,2906,2907,,,,,,Disc scan from Internet Archive item cbs-2000-09.,true,not_specified,approved,Disc face for Computer Bild Spiele issue CBS042009DVDGold.,"Datenträger von Computer Bild Spiele, Ausgabe CBS042009DVDGold.",Original cover-disc scan for issue CBS042009DVDGold.,Originalscan des Heft-Datenträgers für Ausgabe CBS042009DVDGold.,originals/issue-cbs042009dvdgold.tif
issue-cbs052000,issue,CBS052000,disc_face,,Internet Archive,cbs-2000-09,2000/Scans/CBS052000_Scans.7z,img20220421_11383280.tif,https://archive.org/details/cbs-2000-09,https://archive.org/download/cbs-2000-09/2000/Scans/CBS052000_Scans.7z,c6b548d4392eb80ca1332150c4de656ce05c16b2,62dcf7cd20922e33b5477c7d252c37375b936f27063cb2def49a7f3499e59e07,1782472043,image/tiff,2917,2907,,,,,,Disc scan from Internet Archive item cbs-2000-09.,true,not_specified,approved,Disc face for Computer Bild Spiele issue CBS052000.,"Datenträger von Computer Bild Spiele, Ausgabe CBS052000.",Original cover-disc scan for issue CBS052000.,Originalscan des Heft-Datenträgers für Ausgabe CBS052000.,originals/issue-cbs052000.tif
issue-cbs052001,issue,CBS052001,disc_face,,Internet Archive,cbs-2000-09,2001/Scans/CBS052001_Scans.7z,img20220324_11292753.tif,https://archive.org/details/cbs-2000-09,https://archive.org/download/cbs-2000-09/2001/Scans/CBS052001_Scans.7z,5471a9dc73e9c84107cbde1740de39f0e3fc511d,29758136cfc83c99db3adb371d137c1550e8c383f0ea02b59ff484c6bd7efdb2,1782472043,image/tiff,2906,2931,,,,,,Disc scan from Internet Archive item cbs-2000-09.,true,not_specified,approved,Disc face for Computer Bild Spiele issue CBS052001.,"Datenträger von Computer Bild Spiele, Ausgabe CBS052001.",Original cover-disc scan for issue CBS052001.,Originalscan des Heft-Datenträgers für Ausgabe CBS052001.,originals/issue-cbs052001.tif
issue-cbs052002,issue,CBS052002,disc_face,,Internet Archive,cbs-2000-09,2002/Scans/CBS052002_Scans.7z,img20220326_10222130.tif,https://archive.org/details/cbs-2000-09,https://archive.org/download/cbs-2000-09/2002/Scans/CBS052002_Scans.7z,3cf61c821eff28e54e3d7ccb6bf455f9f25c2258,59ecb9319e9f78cd646d142209fd5dd70263859b90beb76017a2c95509c53c08,1782472043,image/tiff,2893,2931,,,,,,Disc scan from Internet Archive item cbs-2000-09.,true,not_specified,approved,Disc face for Computer Bild Spiele issue CBS052002.,"Datenträger von Computer Bild Spiele, Ausgabe CBS052002.",Original cover-disc scan for issue CBS052002.,Originalscan des Heft-Datenträgers für Ausgabe CBS052002.,originals/issue-cbs052002.tif
issue-cbs052003,issue,CBS052003,disc_face,,Internet Archive,cbs-2000-09,2003/Scans/CBS052003_Scans.7z,img20220327_18095059.tif,https://archive.org/details/cbs-2000-09,https://archive.org/download/cbs-2000-09/2003/Scans/CBS052003_Scans.7z,6f79a376da3ad2fdaa4e3608e02abe73164574d1,fe5d2b20f2148c115797a4a9d50721706a897d06848c5be30f076442d6e6818a,1782472043,image/tiff,2894,2907,,,,,,Disc scan from Internet Archive item cbs-2000-09.,true,not_specified,approved,Disc face for Computer Bild Spiele issue CBS052003.,"Datenträger von Computer Bild Spiele, Ausgabe CBS052003.",Original cover-disc scan for issue CBS052003.,Originalscan des Heft-Datenträgers für Ausgabe CBS052003.,originals/issue-cbs052003.tif
issue-cbs052004,issue,CBS052004,disc_face,,Internet Archive,cbs-2000-09,2004/Scans/CBS052004_Scans.7z,img20220327_19165667.tif,https://archive.org/details/cbs-2000-09,https://archive.org/download/cbs-2000-09/2004/Scans/CBS052004_Scans.7z,b904c7f1043d6cddf703c487a992d9d2baf44ca0,5937f50ae991da034413981268efc3490661539067fc18edbab8b0fdbdd712a9,1782472043,image/tiff,2894,2907,,,,,,Disc scan from Internet Archive item cbs-2000-09.,true,not_specified,approved,Disc face for Computer Bild Spiele issue CBS052004.,"Datenträger von Computer Bild Spiele, Ausgabe CBS052004.",Original cover-disc scan for issue CBS052004.,Originalscan des Heft-Datenträgers für Ausgabe CBS052004.,originals/issue-cbs052004.tif
issue-cbs052005dvd,issue,CBS052005DVD,disc_face,,Internet Archive,cbs-2000-09,2005/Scans/CBS052005DVD_scans.7z,img20220425_10423795.tif,https://archive.org/details/cbs-2000-09,https://archive.org/download/cbs-2000-09/2005/Scans/CBS052005DVD_scans.7z,2cd6959edc90c925ee3fb6f3ba8e69f0b73fb4a0,91f9a69562671fa3e5cc76b1d5f64d3fa8af040603610b5796af0c449845b552,1782472043,image/tiff,2893,2931,,,,,,Disc scan from Internet Archive item cbs-2000-09.,true,not_specified,approved,Disc face for Computer Bild Spiele issue CBS052005DVD.,"Datenträger von Computer Bild Spiele, Ausgabe CBS052005DVD.",Original cover-disc scan for issue CBS052005DVD.,Originalscan des Heft-Datenträgers für Ausgabe CBS052005DVD.,originals/issue-cbs052005dvd.tif
issue-cbs052006dvd,issue,CBS052006DVD,disc_face,,Internet Archive,cbs-2000-09,2006/Scans/CBS052006DVD_Scan.7z,img20220501_18375830.tif,https://archive.org/details/cbs-2000-09,https://archive.org/download/cbs-2000-09/2006/Scans/CBS052006DVD_Scan.7z,4f62754a7317ffc6ccc233106eb96967ebcb6b99,12c1eb00291fb29a1dd37ddea729294f038f6ebf1c94d01d7517d7a553e66903,1782472043,image/tiff,2893,2907,,,,,,Disc scan from Internet Archive item cbs-2000-09.,true,not_specified,approved,Disc face for Computer Bild Spiele issue CBS052006DVD.,"Datenträger von Computer Bild Spiele, Ausgabe CBS052006DVD.",Original cover-disc scan for issue CBS052006DVD.,Originalscan des Heft-Datenträgers für Ausgabe CBS052006DVD.,originals/issue-cbs052006dvd.tif
issue-cbs052007dvd,issue,CBS052007DVD,disc_face,,Internet Archive,cbs-2000-09,2007/Scans/CBS05_07_Scans.7z,img20220508_17540162.tif,https://archive.org/details/cbs-2000-09,https://archive.org/download/cbs-2000-09/2007/Scans/CBS05_07_Scans.7z,0d770deffecbfd407eaa6ca66cb79cf24de49eaf,e6ca0ec72efe9d819ee73cf32aaf0cb45c05b17f2bca99f057e1400bcde80e6f,1782472043,image/tiff,2905,2907,,,,,,Disc scan from Internet Archive item cbs-2000-09.,true,not_specified,approved,Disc face for Computer Bild Spiele issue CBS052007DVD.,"Datenträger von Computer Bild Spiele, Ausgabe CBS052007DVD.",Original cover-disc scan for issue CBS052007DVD.,Originalscan des Heft-Datenträgers für Ausgabe CBS052007DVD.,originals/issue-cbs052007dvd.tif
issue-cbs052007dvdgold,issue,CBS052007DVDGold,disc_face,,Internet Archive,cbs-2000-09,2007/Scans/CBS05_07Gold_Scans.7z,img20220508_17495910.tif,https://archive.org/details/cbs-2000-09,https://archive.org/download/cbs-2000-09/2007/Scans/CBS05_07Gold_Scans.7z,a5b31708e0901ef7c4b667ee2ff2e744361698d3,42b9b6b8eae5b9c42e0e7102d665eb337309d2b82102766a6914fa1fb89aec38,1782472043,image/tiff,2917,2931,,,,,,Disc scan from Internet Archive item cbs-2000-09.,true,not_specified,approved,Disc face for Computer Bild Spiele issue CBS052007DVDGold.,"Datenträger von Computer Bild Spiele, Ausgabe CBS052007DVDGold.",Original cover-disc scan for issue CBS052007DVDGold.,Originalscan des Heft-Datenträgers für Ausgabe CBS052007DVDGold.,originals/issue-cbs052007dvdgold.tif
issue-cbs052008dvd,issue,CBS052008DVD,disc_face,3,Internet Archive,cbs-2000-09,2008/Scans/CBS05_08_Scans.7z,img20220508_21005731.tif,https://archive.org/details/cbs-2000-09,https://archive.org/download/cbs-2000-09/2008/Scans/CBS05_08_Scans.7z,febd7dfdd42687fc0b29ea20d9dd9a6351ff19f5,10e9a19657ecabdee51c802591a7d08c7f132c7244e8560b61da64da02839efc,1782472043,image/tiff,2869,2895,,,,,,Disc scan from Internet Archive item cbs-2000-09.,true,not_specified,approved,Disc face for Computer Bild Spiele issue CBS052008DVD.,"Datenträger von Computer Bild Spiele, Ausgabe CBS052008DVD.",Original cover-disc scan for issue CBS052008DVD.,Originalscan des Heft-Datenträgers für Ausgabe CBS052008DVD.,originals/issue-cbs052008dvd.tif
issue-cbs052008dvdgold,issue,CBS052008DVDGold,disc_face,,Internet Archive,cbs-2000-09,2008/Scans/CBS05_08Gold_Scans.7z,img20220508_20491425.tif,https://archive.org/details/cbs-2000-09,https://archive.org/download/cbs-2000-09/2008/Scans/CBS05_08Gold_Scans.7z,4c45ee8ef8b9fc490128229bcf7dc878d46019c2,22ef313d363cb205787f9435bd0c05fcb5a48224b6e4b1558ad2599d6bff6557,1782472043,image/tiff,2893,2907,,,,,,Disc scan from Internet Archive item cbs-2000-09.,true,not_specified,approved,Disc face for Computer Bild Spiele issue CBS052008DVDGold.,"Datenträger von Computer Bild Spiele, Ausgabe CBS052008DVDGold.",Original cover-disc scan for issue CBS052008DVDGold.,Originalscan des Heft-Datenträgers für Ausgabe CBS052008DVDGold.,originals/issue-cbs052008dvdgold.tif
issue-cbs052009dvd,issue,CBS052009DVD,disc_face,,Internet Archive,cbs-2000-09,2009/Scans/CBS0509_Scans.7z,img20220522_17593305.tif,https://archive.org/details/cbs-2000-09,https://archive.org/download/cbs-2000-09/2009/Scans/CBS0509_Scans.7z,94620c9d9e21e37c74fae21da805bd228e11b875,88a68d1ffa15743693efbc9e9c092be31b383ad553de6c033c68b4e7900bd26c,1782472043,image/tiff,2893,2907,,,,,,Disc scan from Internet Archive item cbs-2000-09.,true,not_specified,approved,Disc face for Computer Bild Spiele issue CBS052009DVD.,"Datenträger von Computer Bild Spiele, Ausgabe CBS052009DVD.",Original cover-disc scan for issue CBS052009DVD.,Originalscan des Heft-Datenträgers für Ausgabe CBS052009DVD.,originals/issue-cbs052009dvd.tif
issue-cbs052009dvdgold,issue,CBS052009DVDGold,disc_face,,Internet Archive,cbs-2000-09,2009/Scans/CBS0509Gold_Scans.7z,img20220522_17513943.tif,https://archive.org/details/cbs-2000-09,https://archive.org/download/cbs-2000-09/2009/Scans/CBS0509Gold_Scans.7z,49293f0e42ca79e5f439d38bab174e767540004d,ccd86e5e214eea4b7865803427f56b2cc630702bb5665ff05885944d8eb2e0cb,1782472043,image/tiff,2893,2907,,,,,,Disc scan from Internet Archive item cbs-2000-09.,true,not_specified,approved,Disc face for Computer Bild Spiele issue CBS052009DVDGold.,"Datenträger von Computer Bild Spiele, Ausgabe CBS052009DVDGold.",Original cover-disc scan for issue CBS052009DVDGold.,Originalscan des Heft-Datenträgers für Ausgabe CBS052009DVDGold.,originals/issue-cbs052009dvdgold.tif
issue-cbs052010dvdgold,issue,CBS052010DVDGold,disc_face,,Internet Archive,cbs-2000-09,2010/Scans/CBS0510Gold_Scans.7z,img20220614_10035449.tif,https://archive.org/details/cbs-2000-09,https://archive.org/download/cbs-2000-09/2010/Scans/CBS0510Gold_Scans.7z,b2665e5164f292639f6f6b8c90e087e645b1ccca,b173bb3d7007b13ef7e155ddef97965487d944ecaf4b6e8bc6cd3fbf9d9f2e6a,1782472043,image/tiff,2906,2930,,,,,,Disc scan from Internet Archive item cbs-2000-09.,true,not_specified,approved,Disc face for Computer Bild Spiele issue CBS052010DVDGold.,"Datenträger von Computer Bild Spiele, Ausgabe CBS052010DVDGold.",Original cover-disc scan for issue CBS052010DVDGold.,Originalscan des Heft-Datenträgers für Ausgabe CBS052010DVDGold.,originals/issue-cbs052010dvdgold.tif
issue-cbs062000,issue,CBS062000,disc_face,,Internet Archive,cbs-2000-09,2000/Scans/CBS062000_Scans.7z,img20220421_11345251.tif,https://archive.org/details/cbs-2000-09,https://archive.org/download/cbs-2000-09/2000/Scans/CBS062000_Scans.7z,4fd2472d0de42fe6a8aa7b641df1dbd83182330c,8790a82c5a1d3939455c7b60deda83fe9fbce02616b4d9cc2ecce90c1bf31e60,1782472043,image/tiff,2917,2907,,,,,,Disc scan from Internet Archive item cbs-2000-09.,true,not_specified,approved,Disc face for Computer Bild Spiele issue CBS062000.,"Datenträger von Computer Bild Spiele, Ausgabe CBS062000.",Original cover-disc scan for issue CBS062000.,Originalscan des Heft-Datenträgers für Ausgabe CBS062000.,originals/issue-cbs062000.tif
issue-cbs062001,issue,CBS062001,disc_face,,Internet Archive,cbs-2000-09,2001/Scans/CBS062001_Scans.7z,img20220324_11341286.tif,https://archive.org/details/cbs-2000-09,https://archive.org/download/cbs-2000-09/2001/Scans/CBS062001_Scans.7z,596accb53e0645d4e5cc4c59a9fa79cfdfad63d4,7393721352dc416f4ac85a22c1a2150be943cccfc9957b8a0a65da64edef2066,1782472043,image/tiff,2906,2931,,,,,,Disc scan from Internet Archive item cbs-2000-09.,true,not_specified,approved,Disc face for Computer Bild Spiele issue CBS062001.,"Datenträger von Computer Bild Spiele, Ausgabe CBS062001.",Original cover-disc scan for issue CBS062001.,Originalscan des Heft-Datenträgers für Ausgabe CBS062001.,originals/issue-cbs062001.tif
issue-cbs062003,issue,CBS062003,disc_face,,Internet Archive,cbs-2000-09,2003/Scans/CBS062003_Scans.7z,img20220327_18211060.tif,https://archive.org/details/cbs-2000-09,https://archive.org/download/cbs-2000-09/2003/Scans/CBS062003_Scans.7z,fb157a83e89898bc38f53a0202d51973c1ea7426,275084ebef4082075df35bc28d0aa6962c8bf6200e2365dc25e4cfb134190330,1782472043,image/tiff,2894,2907,,,,,,Disc scan from Internet Archive item cbs-2000-09.,true,not_specified,approved,Disc face for Computer Bild Spiele issue CBS062003.,"Datenträger von Computer Bild Spiele, Ausgabe CBS062003.",Original cover-disc scan for issue CBS062003.,Originalscan des Heft-Datenträgers für Ausgabe CBS062003.,originals/issue-cbs062003.tif
issue-cbs062004,issue,CBS062004,disc_face,,Internet Archive,cbs-2000-09,2004/Scans/CBS062004_Scans.7z,img20220327_19200577.tif,https://archive.org/details/cbs-2000-09,https://archive.org/download/cbs-2000-09/2004/Scans/CBS062004_Scans.7z,dea1aca0fe5e2b5c77e60094227db8fc6e11b244,b585b2a668d0b3f717b9b5732150474574c4db7980ab0af9aeb250e02447693e,1782472043,image/tiff,2894,2907,,,,,,Disc scan from Internet Archive item cbs-2000-09.,true,not_specified,approved,Disc face for Computer Bild Spiele issue CBS062004.,"Datenträger von Computer Bild Spiele, Ausgabe CBS062004.",Original cover-disc scan for issue CBS062004.,Originalscan des Heft-Datenträgers für Ausgabe CBS062004.,originals/issue-cbs062004.tif
issue-cbs062005dvd,issue,CBS062005DVD,disc_face,,Internet Archive,cbs-2000-09,2005/Scans/CBS062005DVD_scans.7z,img20220425_10475068.tif,https://archive.org/details/cbs-2000-09,https://archive.org/download/cbs-2000-09/2005/Scans/CBS062005DVD_scans.7z,75a62ffa431a48b1222f28c4e2a62663f0937398,933734d40e7b1dcd71742ca132ec5de4f79fc06f5e74dfd7902daf1314364d58,1782472043,image/tiff,2929,2931,,,,,,Disc scan from Internet Archive item cbs-2000-09.,true,not_specified,approved,Disc face for Computer Bild Spiele issue CBS062005DVD.,"Datenträger von Computer Bild Spiele, Ausgabe CBS062005DVD.",Original cover-disc scan for issue CBS062005DVD.,Originalscan des Heft-Datenträgers für Ausgabe CBS062005DVD.,originals/issue-cbs062005dvd.tif
issue-cbs062006dvd,issue,CBS062006DVD,disc_face,,Internet Archive,cbs-2000-09,2006/Scans/CBS062006DVD_Scan.7z,img20220501_18413736.tif,https://archive.org/details/cbs-2000-09,https://archive.org/download/cbs-2000-09/2006/Scans/CBS062006DVD_Scan.7z,b6c56170922902cf6b7f7f3b2c1fd4c1b833be9c,cdcbefaffb650417e664922a89e0451a3adb621b2688f51517213c5a142dc2b4,1782472043,image/tiff,2893,2907,,,,,,Disc scan from Internet Archive item cbs-2000-09.,true,not_specified,approved,Disc face for Computer Bild Spiele issue CBS062006DVD.,"Datenträger von Computer Bild Spiele, Ausgabe CBS062006DVD.",Original cover-disc scan for issue CBS062006DVD.,Originalscan des Heft-Datenträgers für Ausgabe CBS062006DVD.,originals/issue-cbs062006dvd.tif
issue-cbs062007dvd,issue,CBS062007DVD,disc_face,,Internet Archive,cbs-2000-09,2007/Scans/CBS06_07_Scans.7z,img20220508_18021102.tif,https://archive.org/details/cbs-2000-09,https://archive.org/download/cbs-2000-09/2007/Scans/CBS06_07_Scans.7z,d94f55681cedac2855693bb48f262afd7cecbe42,67874bde1a49fbb558e4ebfa13f640bb6c3629cabaec82865d9166fdbaf3aec4,1782472043,image/tiff,2917,2931,,,,,,Disc scan from Internet Archive item cbs-2000-09.,true,not_specified,approved,Disc face for Computer Bild Spiele issue CBS062007DVD.,"Datenträger von Computer Bild Spiele, Ausgabe CBS062007DVD.",Original cover-disc scan for issue CBS062007DVD.,Originalscan des Heft-Datenträgers für Ausgabe CBS062007DVD.,originals/issue-cbs062007dvd.tif
issue-cbs062007dvdgold,issue,CBS062007DVDGold,disc_face,,Internet Archive,cbs-2000-09,2007/Scans/CBS06_07Gold_Scans.7z,img20220508_17581065.tif,https://archive.org/details/cbs-2000-09,https://archive.org/download/cbs-2000-09/2007/Scans/CBS06_07Gold_Scans.7z,fdf8e65214a502ce9d2c1e57ebb1ad618d747853,9c3bdd15825177b6baf0aeea31c8744228980c408951b7d5efddba163ae6e6ab,1782472043,image/tiff,2906,2931,,,,,,Disc scan from Internet Archive item cbs-2000-09.,true,not_specified,approved,Disc face for Computer Bild Spiele issue CBS062007DVDGold.,"Datenträger von Computer Bild Spiele, Ausgabe CBS062007DVDGold.",Original cover-disc scan for issue CBS062007DVDGold.,Originalscan des Heft-Datenträgers für Ausgabe CBS062007DVDGold.,originals/issue-cbs062007dvdgold.tif
issue-cbs062008dvd,issue,CBS062008DVD,disc_face,,Internet Archive,cbs-2000-09,2008/Scans/CBS06_08_Scans.7z,img20220508_21094441.tif,https://archive.org/details/cbs-2000-09,https://archive.org/download/cbs-2000-09/2008/Scans/CBS06_08_Scans.7z,ab0411a4382169ce397d5ea5d0679e68853c293f,7c9026b1541f4fc97d831fcf6be32e3c360bf17d478506b5acd04e2dea17169c,1782472043,image/tiff,2893,2907,,,,,,Disc scan from Internet Archive item cbs-2000-09.,true,not_specified,approved,Disc face for Computer Bild Spiele issue CBS062008DVD.,"Datenträger von Computer Bild Spiele, Ausgabe CBS062008DVD.",Original cover-disc scan for issue CBS062008DVD.,Originalscan des Heft-Datenträgers für Ausgabe CBS062008DVD.,originals/issue-cbs062008dvd.tif
issue-cbs062008dvdgold,issue,CBS062008DVDGold,disc_face,,Internet Archive,cbs-2000-09,2008/Scans/CBS06_08Gold_Scans.7z,img20220508_21052121.tif,https://archive.org/details/cbs-2000-09,https://archive.org/download/cbs-2000-09/2008/Scans/CBS06_08Gold_Scans.7z,ceafaa34077357ba18be4ea0f76793f7da76535a,65ee8d85cf3e882065ecbb98eed1cbd812ffb4b45d2d3ca6c3136d323a39cd6e,1782472043,image/tiff,2906,2942,,,,,,Disc scan from Internet Archive item cbs-2000-09.,true,not_specified,approved,Disc face for Computer Bild Spiele issue CBS062008DVDGold.,"Datenträger von Computer Bild Spiele, Ausgabe CBS062008DVDGold.",Original cover-disc scan for issue CBS062008DVDGold.,Originalscan des Heft-Datenträgers für Ausgabe CBS062008DVDGold.,originals/issue-cbs062008dvdgold.tif
issue-cbs062009dvd,issue,CBS062009DVD,disc_face,,Internet Archive,cbs-2000-09,2009/Scans/CBS0609_Scans.7z,img20220522_18241198.tif,https://archive.org/details/cbs-2000-09,https://archive.org/download/cbs-2000-09/2009/Scans/CBS0609_Scans.7z,9d1d6369da851b1f5b12ad5891c8a8190a2172c8,f8b88a7a30416b8c49e14a5bfb10e77f2169ab6e538d2053d15de108df913688,1782472043,image/tiff,2893,2907,,,,,,Disc scan from Internet Archive item cbs-2000-09.,true,not_specified,approved,Disc face for Computer Bild Spiele issue CBS062009DVD.,"Datenträger von Computer Bild Spiele, Ausgabe CBS062009DVD.",Original cover-disc scan for issue CBS062009DVD.,Originalscan des Heft-Datenträgers für Ausgabe CBS062009DVD.,originals/issue-cbs062009dvd.tif
issue-cbs062009dvdgold,issue,CBS062009DVDGold,disc_face,,Internet Archive,cbs-2000-09,2009/Scans/CBS0609Gold_Scans.7z,img20220522_18174161.tif,https://archive.org/details/cbs-2000-09,https://archive.org/download/cbs-2000-09/2009/Scans/CBS0609Gold_Scans.7z,5eff672ef2986346ca8cd359652896f0761bb6fe,897b1907024b46c18245f2bac1987bf8cf061434356e7af62ec760795f121b80,1782472043,image/tiff,2917,2919,,,,,,Disc scan from Internet Archive item cbs-2000-09.,true,not_specified,approved,Disc face for Computer Bild Spiele issue CBS062009DVDGold.,"Datenträger von Computer Bild Spiele, Ausgabe CBS062009DVDGold.",Original cover-disc scan for issue CBS062009DVDGold.,Originalscan des Heft-Datenträgers für Ausgabe CBS062009DVDGold.,originals/issue-cbs062009dvdgold.tif
issue-cbs072000,issue,CBS072000,disc_face,,Internet Archive,cbs-2000-09,2000/Scans/CBS072000_Scans.7z,img20220421_11471069.tif,https://archive.org/details/cbs-2000-09,https://archive.org/download/cbs-2000-09/2000/Scans/CBS072000_Scans.7z,5af19d6a654e6b2cd4873aeb4d8358969cff629b,976bbc2ab494c2ed053182913c62bbb7753659d9b217888c743196721fe59b22,1782472043,image/tiff,2929,2907,,,,,,Disc scan from Internet Archive item cbs-2000-09.,true,not_specified,approved,Disc face for Computer Bild Spiele issue CBS072000.,"Datenträger von Computer Bild Spiele, Ausgabe CBS072000.",Original cover-disc scan for issue CBS072000.,Originalscan des Heft-Datenträgers für Ausgabe CBS072000.,originals/issue-cbs072000.tif
issue-cbs072001,issue,CBS072001,disc_face,,Internet Archive,cbs-2000-09,2001/Scans/CBS072001_Scans.7z,img20220324_11374653.tif,https://archive.org/details/cbs-2000-09,https://archive.org/download/cbs-2000-09/2001/Scans/CBS072001_Scans.7z,f139dcf9ed6d9b9fcf2ad00b0575157e230856cd,d071a6c9c0b5b2d17f7b3e2c7409df509edeca2e0d568f946243f6f71a242bbf,1782472043,image/tiff,2906,2931,,,,,,Disc scan from Internet Archive item cbs-2000-09.,true,not_specified,approved,Disc face for Computer Bild Spiele issue CBS072001.,"Datenträger von Computer Bild Spiele, Ausgabe CBS072001.",Original cover-disc scan for issue CBS072001.,Originalscan des Heft-Datenträgers für Ausgabe CBS072001.,originals/issue-cbs072001.tif
issue-cbs072002,issue,CBS072002,disc_face,,Internet Archive,cbs-2000-09,2002/Scans/CBS072002_Scans.7z,img20220326_10284252.tif,https://archive.org/details/cbs-2000-09,https://archive.org/download/cbs-2000-09/2002/Scans/CBS072002_Scans.7z,ac1d2cfa92a36785e1c4c9492899fe86a9f15497,a13c47f0c930d4df76c2786bcc2802258caa2681a5bad0c67431cfb7278b888f,1782472043,image/tiff,2893,2907,,,,,,Disc scan from Internet Archive item cbs-2000-09.,true,not_specified,approved,Disc face for Computer Bild Spiele issue CBS072002.,"Datenträger von Computer Bild Spiele, Ausgabe CBS072002.",Original cover-disc scan for issue CBS072002.,Originalscan des Heft-Datenträgers für Ausgabe CBS072002.,originals/issue-cbs072002.tif
issue-cbs072003,issue,CBS072003,disc_face,,Internet Archive,cbs-2000-09,2003/Scans/CBS072003_Scans.7z,img20220327_18242158.tif,https://archive.org/details/cbs-2000-09,https://archive.org/download/cbs-2000-09/2003/Scans/CBS072003_Scans.7z,23cd7b7c592e6c2b2eb4073cdc61d8a7d32c9a0e,31b8de6880be53466d78e3b426f9e3afd92d903571cd9750473e8204491653f1,1782472043,image/tiff,2894,2907,,,,,,Disc scan from Internet Archive item cbs-2000-09.,true,not_specified,approved,Disc face for Computer Bild Spiele issue CBS072003.,"Datenträger von Computer Bild Spiele, Ausgabe CBS072003.",Original cover-disc scan for issue CBS072003.,Originalscan des Heft-Datenträgers für Ausgabe CBS072003.,originals/issue-cbs072003.tif
issue-cbs072004-cd1,issue,CBS072004(CD1),disc_face,,Internet Archive,cbs-2000-09,2004/Scans/CBS072004(1)_Scans.7z,img20220331_11494437.tif,https://archive.org/details/cbs-2000-09,https://archive.org/download/cbs-2000-09/2004/Scans/CBS072004%281%29_Scans.7z,b4a1c9364f3925cf42cb317827d6cf8409221aa4,d125bfe6a4bf6357c35ce1615dc451a644b5fe8dd22a5a69ac7330484c45ea0b,1782472043,image/tiff,2894,2931,,,,,,Disc scan from Internet Archive item cbs-2000-09.,true,not_specified,approved,Disc face for Computer Bild Spiele issue CBS072004(CD1).,"Datenträger von Computer Bild Spiele, Ausgabe CBS072004(CD1).",Original cover-disc scan for issue CBS072004(CD1).,Originalscan des Heft-Datenträgers für Ausgabe CBS072004(CD1).,originals/issue-cbs072004-cd1.tif
issue-cbs072004-cd2,issue,CBS072004(CD2),disc_face,,Internet Archive,cbs-2000-09,2004/Scans/CBS072004(2)_Scans.7z,img20220331_11540446.tif,https://archive.org/details/cbs-2000-09,https://archive.org/download/cbs-2000-09/2004/Scans/CBS072004%282%29_Scans.7z,b4c0423bb85858ff020bea086d906e17e08e1dd4,e41165f8b9a124c8f6d547f62b652dd67b6b5bdca8e6ea67038c4a48f6f70764,1782472043,image/tiff,2930,2931,,,,,,Disc scan from Internet Archive item cbs-2000-09.,true,not_specified,approved,Disc face for Computer Bild Spiele issue CBS072004(CD2).,"Datenträger von Computer Bild Spiele, Ausgabe CBS072004(CD2).",Original cover-disc scan for issue CBS072004(CD2).,Originalscan des Heft-Datenträgers für Ausgabe CBS072004(CD2).,originals/issue-cbs072004-cd2.tif
issue-cbs072005dvd,issue,CBS072005DVD,disc_face,,Internet Archive,cbs-2000-09,2005/Scans/CBS072005DVD_Scans.7z,img20220429_12341710.tif,https://archive.org/details/cbs-2000-09,https://archive.org/download/cbs-2000-09/2005/Scans/CBS072005DVD_Scans.7z,10d96db2ee9a87201d80d9333977fa6732294744,4589ff5ae4c5aecc7b08e35b230b6aa058832c8b114597040238ada6d896ee29,1782472043,image/tiff,2906,2919,,,,,,Disc scan from Internet Archive item cbs-2000-09.,true,not_specified,approved,Disc face for Computer Bild Spiele issue CBS072005DVD.,"Datenträger von Computer Bild Spiele, Ausgabe CBS072005DVD.",Original cover-disc scan for issue CBS072005DVD.,Originalscan des Heft-Datenträgers für Ausgabe CBS072005DVD.,originals/issue-cbs072005dvd.tif
issue-cbs072006dvd,issue,CBS072006DVD,disc_face,,Internet Archive,cbs-2000-09,2006/Scans/CBS072006DVD_Scan.7z,img20220501_18520247.tif,https://archive.org/details/cbs-2000-09,https://archive.org/download/cbs-2000-09/2006/Scans/CBS072006DVD_Scan.7z,c45143dd71c2237231e0d2c26179a3370afeeddd,4664a260e353c63883cc666ef5e535927f444f9cb5b80a71bf3b12c8552b1e92,1782472043,image/tiff,2893,2895,,,,,,Disc scan from Internet Archive item cbs-2000-09.,true,not_specified,approved,Disc face for Computer Bild Spiele issue CBS072006DVD.,"Datenträger von Computer Bild Spiele, Ausgabe CBS072006DVD.",Original cover-disc scan for issue CBS072006DVD.,Originalscan des Heft-Datenträgers für Ausgabe CBS072006DVD.,originals/issue-cbs072006dvd.tif
issue-cbs072006dvdgold,issue,CBS072006DVDGOLD,disc_face,,Internet Archive,cbs-2000-09,2006/Scans/CBS072006GoldDVD_Scan.7z,img20220501_18462938.tif,https://archive.org/details/cbs-2000-09,https://archive.org/download/cbs-2000-09/2006/Scans/CBS072006GoldDVD_Scan.7z,960d787de91ca05af1b6eff576ca3e10d8d2b0b3,566bc2183163fac543168f7052426db2f3229a67e76f17837d24795bbb890df8,1782472043,image/tiff,2893,2907,,,,,,Disc scan from Internet Archive item cbs-2000-09.,true,not_specified,approved,Disc face for Computer Bild Spiele issue CBS072006DVDGOLD.,"Datenträger von Computer Bild Spiele, Ausgabe CBS072006DVDGOLD.",Original cover-disc scan for issue CBS072006DVDGOLD.,Originalscan des Heft-Datenträgers für Ausgabe CBS072006DVDGOLD.,originals/issue-cbs072006dvdgold.tif
issue-cbs072007dvd,issue,CBS072007DVD,disc_face,,Internet Archive,cbs-2000-09,2007/Scans/CBS07_2007_2_Scans.7z,img20220508_18300224.tif,https://archive.org/details/cbs-2000-09,https://archive.org/download/cbs-2000-09/2007/Scans/CBS07_2007_2_Scans.7z,3280fee7ed69ad27f9feea196f937962f7a1bf28,8de3d764def1a009ac40f4e8802a5ebe68ee6554de4c1b2b9ff3609a07d54dc9,1782472043,image/tiff,2906,2907,,,,,,Disc scan from Internet Archive item cbs-2000-09.,true,not_specified,approved,Disc face for Computer Bild Spiele issue CBS072007DVD.,"Datenträger von Computer Bild Spiele, Ausgabe CBS072007DVD.",Original cover-disc scan for issue CBS072007DVD.,Originalscan des Heft-Datenträgers für Ausgabe CBS072007DVD.,originals/issue-cbs072007dvd.tif
issue-cbs072007dvdgold,issue,CBS072007DVDGold,disc_face,,Internet Archive,cbs-2000-09,2007/Scans/CBS07_07Gold_Scans.7z,img20220508_18060081.tif,https://archive.org/details/cbs-2000-09,https://archive.org/download/cbs-2000-09/2007/Scans/CBS07_07Gold_Scans.7z,fb3e8d5e7de5da05014fce7f65bfff61369a7899,a3fb2b3a0ce92aca1c7bc163519213d5c9b88bc09cd40b7b1a6b57b9242cb0b9,1782472043,image/tiff,2917,2907,,,,,,Disc scan from Internet Archive item cbs-2000-09.,true,not_specified,approved,Disc face for Computer Bild Spiele issue CBS072007DVDGold.,"Datenträger von Computer Bild Spiele, Ausgabe CBS072007DVDGold.",Original cover-disc scan for issue CBS072007DVDGold.,Originalscan des Heft-Datenträgers für Ausgabe CBS072007DVDGold.,originals/issue-cbs072007dvdgold.tif
issue-cbs072008dvd,issue,CBS072008DVD,disc_face,,Internet Archive,cbs-2000-09,2008/Scans/CBS07_08_Scans.7z,img20220508_21174795.tif,https://archive.org/details/cbs-2000-09,https://archive.org/download/cbs-2000-09/2008/Scans/CBS07_08_Scans.7z,b4f41f3ef9abea9a81b237e2e1b7ac9d37d7561e,fb6ad874653202011184431cc88248aa733db2c6abd8f4a3ed201577315f028e,1782472043,image/tiff,2869,2955,,,,,,Disc scan from Internet Archive item cbs-2000-09.,true,not_specified,approved,Disc face for Computer Bild Spiele issue CBS072008DVD.,"Datenträger von Computer Bild Spiele, Ausgabe CBS072008DVD.",Original cover-disc scan for issue CBS072008DVD.,Originalscan des Heft-Datenträgers für Ausgabe CBS072008DVD.,originals/issue-cbs072008dvd.tif
issue-cbs072008dvdgold,issue,CBS072008DVDGold,disc_face,,Internet Archive,cbs-2000-09,2008/Scans/CBS07_08Gold_Scans.7z,img20220508_21133227.tif,https://archive.org/details/cbs-2000-09,https://archive.org/download/cbs-2000-09/2008/Scans/CBS07_08Gold_Scans.7z,814e14913cbe49102b0f22569de17f25ae092bbd,82fa26b5257414521baf237b306f6a2001924a6acbaa7d90cd6204294cf8245e,1782472043,image/tiff,2905,2907,,,,,,Disc scan from Internet Archive item cbs-2000-09.,true,not_specified,approved,Disc face for Computer Bild Spiele issue CBS072008DVDGold.,"Datenträger von Computer Bild Spiele, Ausgabe CBS072008DVDGold.",Original cover-disc scan for issue CBS072008DVDGold.,Originalscan des Heft-Datenträgers für Ausgabe CBS072008DVDGold.,originals/issue-cbs072008dvdgold.tif
issue-cbs072009dvd,issue,CBS072009DVD,disc_face,,Internet Archive,cbs-2000-09,2009/Scans/CBS0709_Scans.7z,img20220522_18333110.tif,https://archive.org/details/cbs-2000-09,https://archive.org/download/cbs-2000-09/2009/Scans/CBS0709_Scans.7z,343d7f5b8534ba409db75b5b414292c8ef6af715,bd425213cc06be9465ea9cfdb004b3010ab4ec9801b8d3533e4eefb97a25b2f2,1782472043,image/tiff,2893,2907,,,,,,Disc scan from Internet Archive item cbs-2000-09.,true,not_specified,approved,Disc face for Computer Bild Spiele issue CBS072009DVD.,"Datenträger von Computer Bild Spiele, Ausgabe CBS072009DVD.",Original cover-disc scan for issue CBS072009DVD.,Originalscan des Heft-Datenträgers für Ausgabe CBS072009DVD.,originals/issue-cbs072009dvd.tif
issue-cbs072009dvdgold,issue,CBS072009DVDGold,disc_face,,Internet Archive,cbs-2000-09,2009/Scans/CBS0709Gold_Scans.7z,img20220522_18290014.tif,https://archive.org/details/cbs-2000-09,https://archive.org/download/cbs-2000-09/2009/Scans/CBS0709Gold_Scans.7z,7f5316f99a94586f482b806988bbddde75877298,2c780625a8d0c3d16f8181de1959dcf9a0e1a304d5a5a9c7b199b479451771de,1782472043,image/tiff,2905,2919,,,,,,Disc scan from Internet Archive item cbs-2000-09.,true,not_specified,approved,Disc face for Computer Bild Spiele issue CBS072009DVDGold.,"Datenträger von Computer Bild Spiele, Ausgabe CBS072009DVDGold.",Original cover-disc scan for issue CBS072009DVDGold.,Originalscan des Heft-Datenträgers für Ausgabe CBS072009DVDGold.,originals/issue-cbs072009dvdgold.tif
issue-cbs072010dvd,issue,CBS072010DVD,disc_face,,Internet Archive,cbs-2000-09,2010/Scans/CBS0710_Scans.7z,img20220614_10221731.tif,https://archive.org/details/cbs-2000-09,https://archive.org/download/cbs-2000-09/2010/Scans/CBS0710_Scans.7z,1ffce943ccd0639d3e5daa17b0cd52047a4d3514,ca37cbff79dda459d2df9ca81c72bde0d8b6e60b09b3c814d1f42a990ab1ab80,1782472043,image/tiff,2906,2930,,,,,,Disc scan from Internet Archive item cbs-2000-09.,true,not_specified,approved,Disc face for Computer Bild Spiele issue CBS072010DVD.,"Datenträger von Computer Bild Spiele, Ausgabe CBS072010DVD.",Original cover-disc scan for issue CBS072010DVD.,Originalscan des Heft-Datenträgers für Ausgabe CBS072010DVD.,originals/issue-cbs072010dvd.tif
issue-cbs082000,issue,CBS082000,disc_face,,Internet Archive,cbs-2000-09,2000/Scans/CBS082000_Scans.7z,img20220421_11484303.tif,https://archive.org/details/cbs-2000-09,https://archive.org/download/cbs-2000-09/2000/Scans/CBS082000_Scans.7z,bffc0ca621175859793f855675f1905b5239179a,95977a5cfa9c3cd19a8a944b776b263db9ef3d010d9a4fc91685e616fe70c154,1782472043,image/tiff,2929,2907,,,,,,Disc scan from Internet Archive item cbs-2000-09.,true,not_specified,approved,Disc face for Computer Bild Spiele issue CBS082000.,"Datenträger von Computer Bild Spiele, Ausgabe CBS082000.",Original cover-disc scan for issue CBS082000.,Originalscan des Heft-Datenträgers für Ausgabe CBS082000.,originals/issue-cbs082000.tif
issue-cbs082001,issue,CBS082001,disc_face,,Internet Archive,cbs-2000-09,2001/Scans/CBS082001_Scans.7z,img20220324_11412597.tif,https://archive.org/details/cbs-2000-09,https://archive.org/download/cbs-2000-09/2001/Scans/CBS082001_Scans.7z,229b167d27e623bff8cc95273ad9cdc7e1826446,15578aec8e44c39d800255af60b14e3190c2ddc83045fd82dc6c991517f3e91f,1782472043,image/tiff,2918,2931,,,,,,Disc scan from Internet Archive item cbs-2000-09.,true,not_specified,approved,Disc face for Computer Bild Spiele issue CBS082001.,"Datenträger von Computer Bild Spiele, Ausgabe CBS082001.",Original cover-disc scan for issue CBS082001.,Originalscan des Heft-Datenträgers für Ausgabe CBS082001.,originals/issue-cbs082001.tif
issue-cbs082002,issue,CBS082002,disc_face,,Internet Archive,cbs-2000-09,2002/Scans/CBS082002_Scans.7z,img20220326_10320765.tif,https://archive.org/details/cbs-2000-09,https://archive.org/download/cbs-2000-09/2002/Scans/CBS082002_Scans.7z,f6069195e5932c225ef1b4f3464ddc5f146ac360,7df754517adad0847af7bdd62a6794eb3c66f717a8f669dff17d4e0b36795982,1782472043,image/tiff,2893,2907,,,,,,Disc scan from Internet Archive item cbs-2000-09.,true,not_specified,approved,Disc face for Computer Bild Spiele issue CBS082002.,"Datenträger von Computer Bild Spiele, Ausgabe CBS082002.",Original cover-disc scan for issue CBS082002.,Originalscan des Heft-Datenträgers für Ausgabe CBS082002.,originals/issue-cbs082002.tif
issue-cbs082003,issue,CBS082003,disc_face,,Internet Archive,cbs-2000-09,2003/Scans/CBS082003_Scans.7z,img20220327_18342866.tif,https://archive.org/details/cbs-2000-09,https://archive.org/download/cbs-2000-09/2003/Scans/CBS082003_Scans.7z,f750328417178c1f15b74d64edb7001de5926e85,cc5db48d50a081222e4bf849d3f641a75486060ed236bc57d3cf68484fb4ea3d,1782472043,image/tiff,2894,2907,,,,,,Disc scan from Internet Archive item cbs-2000-09.,true,not_specified,approved,Disc face for Computer Bild Spiele issue CBS082003.,"Datenträger von Computer Bild Spiele, Ausgabe CBS082003.",Original cover-disc scan for issue CBS082003.,Originalscan des Heft-Datenträgers für Ausgabe CBS082003.,originals/issue-cbs082003.tif
issue-cbs082004,issue,CBS082004,disc_face,,Internet Archive,cbs-2000-09,2004/Scans/CBS082004_Scans.7z,img20220331_11571260.tif,https://archive.org/details/cbs-2000-09,https://archive.org/download/cbs-2000-09/2004/Scans/CBS082004_Scans.7z,c59b9ca5962c80785cdc10a2417e6aa87fce69aa,eb617731653b644c1294d89daae80f334f50e91d5878e7b55382ed78fa7163c3,1782472043,image/tiff,2930,2931,,,,,,Disc scan from Internet Archive item cbs-2000-09.,true,not_specified,approved,Disc face for Computer Bild Spiele issue CBS082004.,"Datenträger von Computer Bild Spiele, Ausgabe CBS082004.",Original cover-disc scan for issue CBS082004.,Originalscan des Heft-Datenträgers für Ausgabe CBS082004.,originals/issue-cbs082004.tif
issue-cbs082005dvd,issue,CBS082005DVD,disc_face,,Internet Archive,cbs-2000-09,2005/Scans/CBS082005DVD_Scans.7z,img20220429_12361060.tif,https://archive.org/details/cbs-2000-09,https://archive.org/download/cbs-2000-09/2005/Scans/CBS082005DVD_Scans.7z,bb09761a6f73ed1aafe3b7aca7d05876b58062a0,426dfc78a6d214e83fc570bc782673f1005a634eedb40b3c42da597b671f139a,1782472043,image/tiff,2906,2919,,,,,,Disc scan from Internet Archive item cbs-2000-09.,true,not_specified,approved,Disc face for Computer Bild Spiele issue CBS082005DVD.,"Datenträger von Computer Bild Spiele, Ausgabe CBS082005DVD.",Original cover-disc scan for issue CBS082005DVD.,Originalscan des Heft-Datenträgers für Ausgabe CBS082005DVD.,originals/issue-cbs082005dvd.tif
issue-cbs082006dvd,issue,CBS082006DVD,disc_face,,Internet Archive,cbs-2000-09,2006/Scans/CBS082006DVD_Scan.7z,img20220501_19040801.tif,https://archive.org/details/cbs-2000-09,https://archive.org/download/cbs-2000-09/2006/Scans/CBS082006DVD_Scan.7z,034981c07c255b80c81de6eae607ae69aad30fbc,919f24247cee22736d08a2f682df674dd3f66f668c2c1b64e06736c1e0a6954b,1782472043,image/tiff,2881,2919,,,,,,Disc scan from Internet Archive item cbs-2000-09.,true,not_specified,approved,Disc face for Computer Bild Spiele issue CBS082006DVD.,"Datenträger von Computer Bild Spiele, Ausgabe CBS082006DVD.",Original cover-disc scan for issue CBS082006DVD.,Originalscan des Heft-Datenträgers für Ausgabe CBS082006DVD.,originals/issue-cbs082006dvd.tif
issue-cbs082006dvdgold,issue,CBS082006DVDGOLD,disc_face,,Internet Archive,cbs-2000-09,2006/Scans/CBS082006GoldDVD_Scan.7z,img20220501_18585336.tif,https://archive.org/details/cbs-2000-09,https://archive.org/download/cbs-2000-09/2006/Scans/CBS082006GoldDVD_Scan.7z,d84672cd5c5e0fc533cbb2d86f0b35d86d6cc9c9,3b6dd3902734dc681209e2989309f47c3a5f541967c5e4c8ff07759edf26e09c,1782472043,image/tiff,2893,2895,,,,,,Disc scan from Internet Archive item cbs-2000-09.,true,not_specified,approved,Disc face for Computer Bild Spiele issue CBS082006DVDGOLD.,"Datenträger von Computer Bild Spiele, Ausgabe CBS082006DVDGOLD.",Original cover-disc scan for issue CBS082006DVDGOLD.,Originalscan des Heft-Datenträgers für Ausgabe CBS082006DVDGOLD.,originals/issue-cbs082006dvdgold.tif
issue-cbs082007dvd,issue,CBS082007DVD,disc_face,,Internet Archive,cbs-2000-09,2007/Scans/CBS08_07_Scans.7z,img20220508_18421344.tif,https://archive.org/details/cbs-2000-09,https://archive.org/download/cbs-2000-09/2007/Scans/CBS08_07_Scans.7z,e84828f2957cd306c4980a9f7b4f1c56d28bf576,38f3fda0afb394277c6f37349014d9e6a0d5b6c6ab4dd79db227a1efe8e00c9e,1782472043,image/tiff,2881,2907,,,,,,Disc scan from Internet Archive item cbs-2000-09.,true,not_specified,approved,Disc face for Computer Bild Spiele issue CBS082007DVD.,"Datenträger von Computer Bild Spiele, Ausgabe CBS082007DVD.",Original cover-disc scan for issue CBS082007DVD.,Originalscan des Heft-Datenträgers für Ausgabe CBS082007DVD.,originals/issue-cbs082007dvd.tif
issue-cbs082007dvdbonus,issue,CBS082007DVDBonus,disc_face,,Internet Archive,cbs-2000-09,2007/Scans/CBS08_07Bonus_Scans.7z,img20220508_18473097.tif,https://archive.org/details/cbs-2000-09,https://archive.org/download/cbs-2000-09/2007/Scans/CBS08_07Bonus_Scans.7z,d02eeaf626c0acfde85eb49f93acedbea3e4461a,4d1e3398013edbb315726b56e1607263cd193253bd3caca3f134972182f60197,1782472043,image/tiff,2905,2931,,,,,,Disc scan from Internet Archive item cbs-2000-09.,true,not_specified,approved,Disc face for Computer Bild Spiele issue CBS082007DVDBonus.,"Datenträger von Computer Bild Spiele, Ausgabe CBS082007DVDBonus.",Original cover-disc scan for issue CBS082007DVDBonus.,Originalscan des Heft-Datenträgers für Ausgabe CBS082007DVDBonus.,originals/issue-cbs082007dvdbonus.tif
issue-cbs082007dvdgold,issue,CBS082007DVDGold,disc_face,,Internet Archive,cbs-2000-09,2007/Scans/CBS08_07Gold_Scans.7z,img20220508_18374025.tif,https://archive.org/details/cbs-2000-09,https://archive.org/download/cbs-2000-09/2007/Scans/CBS08_07Gold_Scans.7z,79172df3fc95e718a7589af412c4b04ed6298648,99d2cad890948bf0cf0ae2bd3c4c4dbc19244098f6f8657fa6ce4ca0874bcb6a,1782472043,image/tiff,2905,2919,,,,,,Disc scan from Internet Archive item cbs-2000-09.,true,not_specified,approved,Disc face for Computer Bild Spiele issue CBS082007DVDGold.,"Datenträger von Computer Bild Spiele, Ausgabe CBS082007DVDGold.",Original cover-disc scan for issue CBS082007DVDGold.,Originalscan des Heft-Datenträgers für Ausgabe CBS082007DVDGold.,originals/issue-cbs082007dvdgold.tif
issue-cbs082008dvd,issue,CBS082008DVD,disc_face,,Internet Archive,cbs-2000-09,2008/Scans/CBS08_08_Scans.7z,img20220508_21262990.tif,https://archive.org/details/cbs-2000-09,https://archive.org/download/cbs-2000-09/2008/Scans/CBS08_08_Scans.7z,a61e1c48e4263381ab387d3f4dbc3a999f47758c,b31a3c0d9343c0a273db91799b2a8cf6c8fec7ede83a642daef6947bed8f9aa7,1782472043,image/tiff,2893,2907,,,,,,Disc scan from Internet Archive item cbs-2000-09.,true,not_specified,approved,Disc face for Computer Bild Spiele issue CBS082008DVD.,"Datenträger von Computer Bild Spiele, Ausgabe CBS082008DVD.",Original cover-disc scan for issue CBS082008DVD.,Originalscan des Heft-Datenträgers für Ausgabe CBS082008DVD.,originals/issue-cbs082008dvd.tif
issue-cbs082008dvdgold,issue,CBS082008DVDGold,disc_face,,Internet Archive,cbs-2000-09,2008/Scans/CBS08_08Gold_Scans.7z,img20220508_21224167.tif,https://archive.org/details/cbs-2000-09,https://archive.org/download/cbs-2000-09/2008/Scans/CBS08_08Gold_Scans.7z,30ecfb92bc8d0b4f0eca18c99dbf84afbe7db041,cacb06f05353faafdcf5281e4f5a3ab49298082e9fafed5d54856ff38430163e,1782472043,image/tiff,2918,2931,,,,,,Disc scan from Internet Archive item cbs-2000-09.,true,not_specified,approved,Disc face for Computer Bild Spiele issue CBS082008DVDGold.,"Datenträger von Computer Bild Spiele, Ausgabe CBS082008DVDGold.",Original cover-disc scan for issue CBS082008DVDGold.,Originalscan des Heft-Datenträgers für Ausgabe CBS082008DVDGold.,originals/issue-cbs082008dvdgold.tif
issue-cbs082009dvd,issue,CBS082009DVD,disc_face,,Internet Archive,cbs-2000-09,2009/Scans/CBS0809_Scans.7z,img20220522_18461870.tif,https://archive.org/details/cbs-2000-09,https://archive.org/download/cbs-2000-09/2009/Scans/CBS0809_Scans.7z,b591befd44c1b4b611ddc996bf801d2f8e491d8a,8850166b6fb8ea8b0acd9e11a1d594a2e31005b8ffb724ca01f41bf089ece269,1782472043,image/tiff,2905,2919,,,,,,Disc scan from Internet Archive item cbs-2000-09.,true,not_specified,approved,Disc face for Computer Bild Spiele issue CBS082009DVD.,"Datenträger von Computer Bild Spiele, Ausgabe CBS082009DVD.",Original cover-disc scan for issue CBS082009DVD.,Originalscan des Heft-Datenträgers für Ausgabe CBS082009DVD.,originals/issue-cbs082009dvd.tif
issue-cbs092000,issue,CBS092000,disc_face,,Internet Archive,cbs-2000-09,2000/Scans/CBS092000_Scans.7z,img20220324_10382044.tif,https://archive.org/details/cbs-2000-09,https://archive.org/download/cbs-2000-09/2000/Scans/CBS092000_Scans.7z,4677e7c91d224745bd8526b9079a6abcb7bc7af9,5923361b2ade8a8d360e8e9d560a827c21db5260dba8c50fb6eb6ae9c33a23be,1782472043,image/tiff,2942,2931,,,,,,Disc scan from Internet Archive item cbs-2000-09.,true,not_specified,approved,Disc face for Computer Bild Spiele issue CBS092000.,"Datenträger von Computer Bild Spiele, Ausgabe CBS092000.",Original cover-disc scan for issue CBS092000.,Originalscan des Heft-Datenträgers für Ausgabe CBS092000.,originals/issue-cbs092000.tif
issue-cbs092001,issue,CBS092001,disc_face,,Internet Archive,cbs-2000-09,2001/Scans/CBS092001_Scans.7z,img20220324_11513740.tif,https://archive.org/details/cbs-2000-09,https://archive.org/download/cbs-2000-09/2001/Scans/CBS092001_Scans.7z,2151e808b20375e63a4e385a65e2e61b7a2d6171,61d3795687cd8e77f5caf5faccd32df13cb6c66e1c02cd10bed6f4acc41113c1,1782472043,image/tiff,2942,2931,,,,,,Disc scan from Internet Archive item cbs-2000-09.,true,not_specified,approved,Disc face for Computer Bild Spiele issue CBS092001.,"Datenträger von Computer Bild Spiele, Ausgabe CBS092001.",Original cover-disc scan for issue CBS092001.,Originalscan des Heft-Datenträgers für Ausgabe CBS092001.,originals/issue-cbs092001.tif
issue-cbs092002,issue,CBS092002,disc_face,,Internet Archive,cbs-2000-09,2002/Scans/CBS092002_Scans.7z,img20220327_17444354.tif,https://archive.org/details/cbs-2000-09,https://archive.org/download/cbs-2000-09/2002/Scans/CBS092002_Scans.7z,4ccc5848881fd399a5c20c3ab32f162af6ac1885,45135c63fd0f3bd6f64430fa24297f7eb4962a9f4340b626fc179a1b8d87d01f,1782472043,image/tiff,2894,2919,,,,,,Disc scan from Internet Archive item cbs-2000-09.,true,not_specified,approved,Disc face for Computer Bild Spiele issue CBS092002.,"Datenträger von Computer Bild Spiele, Ausgabe CBS092002.",Original cover-disc scan for issue CBS092002.,Originalscan des Heft-Datenträgers für Ausgabe CBS092002.,originals/issue-cbs092002.tif
issue-cbs092003,issue,CBS092003,disc_face,,Internet Archive,cbs-2000-09,2003/Scans/CBS092003_Scans.7z,img20220327_18372975.tif,https://archive.org/details/cbs-2000-09,https://archive.org/download/cbs-2000-09/2003/Scans/CBS092003_Scans.7z,9e0671bf0571b9412edaa184fd691b81ec833f68,20bdd5f7dc8a13b4a09b9ca4190b50fe4e7ed4cfae41095be36f5f31fb0e4fed,1782472043,image/tiff,2894,2907,,,,,,Disc scan from Internet Archive item cbs-2000-09.,true,not_specified,approved,Disc face for Computer Bild Spiele issue CBS092003.,"Datenträger von Computer Bild Spiele, Ausgabe CBS092003.",Original cover-disc scan for issue CBS092003.,Originalscan des Heft-Datenträgers für Ausgabe CBS092003.,originals/issue-cbs092003.tif
issue-cbs092004dvd,issue,CBS092004DVD,disc_face,,Internet Archive,cbs-2000-09,2004/Scans/CBS092004DVD Scans.7z,img20220402_17153534.tif,https://archive.org/details/cbs-2000-09,https://archive.org/download/cbs-2000-09/2004/Scans/CBS092004DVD%20Scans.7z,a4e028b51d041c202673c508c38275a46524b4da,43969823111e91d95e513f355b092b191933b5512a3dfc61094babe23af0bcad,1782472043,image/tiff,2894,2931,,,,,,Disc scan from Internet Archive item cbs-2000-09.,true,not_specified,approved,Disc face for Computer Bild Spiele issue CBS092004DVD.,"Datenträger von Computer Bild Spiele, Ausgabe CBS092004DVD.",Original cover-disc scan for issue CBS092004DVD.,Originalscan des Heft-Datenträgers für Ausgabe CBS092004DVD.,originals/issue-cbs092004dvd.tif
issue-cbs092005dvd,issue,CBS092005DVD,disc_face,,Internet Archive,cbs-2000-09,2005/Scans/CBS092005DVD_Scans.7z,img20220429_12423697.tif,https://archive.org/details/cbs-2000-09,https://archive.org/download/cbs-2000-09/2005/Scans/CBS092005DVD_Scans.7z,1f5c0d350d39e7dd168a2ef4da254f7de9b5552a,057e4da70ad215f2c8d544de3d510ee579f17a3d8607259bbd9e4290d905438a,1782472043,image/tiff,2929,2919,,,,,,Disc scan from Internet Archive item cbs-2000-09.,true,not_specified,approved,Disc face for Computer Bild Spiele issue CBS092005DVD.,"Datenträger von Computer Bild Spiele, Ausgabe CBS092005DVD.",Original cover-disc scan for issue CBS092005DVD.,Originalscan des Heft-Datenträgers für Ausgabe CBS092005DVD.,originals/issue-cbs092005dvd.tif
issue-cbs092006dvd,issue,CBS092006DVD,disc_face,,Internet Archive,cbs-2000-09,2006/Scans/CBS092006DVD_Scan.7z,img20220501_19095329.tif,https://archive.org/details/cbs-2000-09,https://archive.org/download/cbs-2000-09/2006/Scans/CBS092006DVD_Scan.7z,c662701da375a211ca5b620e2e1c6063af5e9974,092af286302fb86c5dca2a64e874b6c96c4971daa1c98c504f8a5467b405ab0e,1782472043,image/tiff,2906,2943,,,,,,Disc scan from Internet Archive item cbs-2000-09.,true,not_specified,approved,Disc face for Computer Bild Spiele issue CBS092006DVD.,"Datenträger von Computer Bild Spiele, Ausgabe CBS092006DVD.",Original cover-disc scan for issue CBS092006DVD.,Originalscan des Heft-Datenträgers für Ausgabe CBS092006DVD.,originals/issue-cbs092006dvd.tif
issue-cbs092006dvdgold,issue,CBS092006DVDGOLD,disc_face,,Internet Archive,cbs-2000-09,2006/Scans/CBS092006GoldDVD_Scan.7z,img20220501_19075014.tif,https://archive.org/details/cbs-2000-09,https://archive.org/download/cbs-2000-09/2006/Scans/CBS092006GoldDVD_Scan.7z,81cfb54edf8add7ee02101e480b62eea2f2a54e1,b0ef9d9b31544b9038268491f113c21035072b205d64b358d1c58e4c44e58935,1782472043,image/tiff,2906,2943,,,,,,Disc scan from Internet Archive item cbs-2000-09.,true,not_specified,approved,Disc face for Computer Bild Spiele issue CBS092006DVDGOLD.,"Datenträger von Computer Bild Spiele, Ausgabe CBS092006DVDGOLD.",Original cover-disc scan for issue CBS092006DVDGOLD.,Originalscan des Heft-Datenträgers für Ausgabe CBS092006DVDGOLD.,originals/issue-cbs092006dvdgold.tif
issue-cbs092007dvd,issue,CBS092007DVD,disc_face,,Internet Archive,cbs-2000-09,2007/Scans/CBS09_07_Scans.7z,img20220508_19145081.tif,https://archive.org/details/cbs-2000-09,https://archive.org/download/cbs-2000-09/2007/Scans/CBS09_07_Scans.7z,60e3cd9bbb1448460a8a65a75ee5ba21052eea91,773b1dd994e47330bea598fc922e9661aded82e3f782a528a5693baedb298a77,1782472043,image/tiff,2893,2908,,,,,,Disc scan from Internet Archive item cbs-2000-09.,true,not_specified,approved,Disc face for Computer Bild Spiele issue CBS092007DVD.,"Datenträger von Computer Bild Spiele, Ausgabe CBS092007DVD.",Original cover-disc scan for issue CBS092007DVD.,Originalscan des Heft-Datenträgers für Ausgabe CBS092007DVD.,originals/issue-cbs092007dvd.tif
issue-cbs092007dvdgold,issue,CBS092007DVDGold,disc_face,,Internet Archive,cbs-2000-09,2007/Scans/CBS09_07Gold_Scans.7z,img20220508_18544609.tif,https://archive.org/details/cbs-2000-09,https://archive.org/download/cbs-2000-09/2007/Scans/CBS09_07Gold_Scans.7z,e1046c9ed836b09d789158fba6029a952bd2e9af,c1502a7f6d7da40262b19d1147570ab7c3fc10241608ea632ac622163a120773,1782472043,image/tiff,2917,2931,,,,,,Disc scan from Internet Archive item cbs-2000-09.,true,not_specified,approved,Disc face for Computer Bild Spiele issue CBS092007DVDGold.,"Datenträger von Computer Bild Spiele, Ausgabe CBS092007DVDGold.",Original cover-disc scan for issue CBS092007DVDGold.,Originalscan des Heft-Datenträgers für Ausgabe CBS092007DVDGold.,originals/issue-cbs092007dvdgold.tif
issue-cbs092008dvd,issue,CBS092008DVD,disc_face,,Internet Archive,cbs-2000-09,2008/Scans/CBS09_08_Scans.7z,img20220508_21350805.tif,https://archive.org/details/cbs-2000-09,https://archive.org/download/cbs-2000-09/2008/Scans/CBS09_08_Scans.7z,03c7bf85f9cb0623a90a0ad8d2ca0ce1eafdf30f,9821770fcd7a7beaae1cdfabe771b72a3c78fde52806b05c9683f812aa923cd1,1782472043,image/tiff,2893,2895,,,,,,Disc scan from Internet Archive item cbs-2000-09.,true,not_specified,approved,Disc face for Computer Bild Spiele issue CBS092008DVD.,"Datenträger von Computer Bild Spiele, Ausgabe CBS092008DVD.",Original cover-disc scan for issue CBS092008DVD.,Originalscan des Heft-Datenträgers für Ausgabe CBS092008DVD.,originals/issue-cbs092008dvd.tif
issue-cbs092008dvdgold,issue,CBS092008DVDGold,disc_face,,Internet Archive,cbs-2000-09,2008/Scans/CBS09_08Gold_Scans.7z,img20220508_21304237.tif,https://archive.org/details/cbs-2000-09,https://archive.org/download/cbs-2000-09/2008/Scans/CBS09_08Gold_Scans.7z,8983107a8903f1dca83f835657cd5ff3a13e0cda,8639aa4a3e5b360ccd011afa39fd71e9ebaf91ea2e2bebbd40abd46c2f0d52ad,1782472043,image/tiff,2905,2919,,,,,,Disc scan from Internet Archive item cbs-2000-09.,true,not_specified,approved,Disc face for Computer Bild Spiele issue CBS092008DVDGold.,"Datenträger von Computer Bild Spiele, Ausgabe CBS092008DVDGold.",Original cover-disc scan for issue CBS092008DVDGold.,Originalscan des Heft-Datenträgers für Ausgabe CBS092008DVDGold.,originals/issue-cbs092008dvdgold.tif
issue-cbs092009dvd,issue,CBS092009DVD,disc_face,,Internet Archive,cbs-2000-09,2009/Scans/CBS0909_Scans.7z,img20220522_18575550.tif,https://archive.org/details/cbs-2000-09,https://archive.org/download/cbs-2000-09/2009/Scans/CBS0909_Scans.7z,a13bf54c7f11017f5c6e08067227c721e665b263,5d0ecdc8d725716968baff4503de7b1ccf4d24f233319d6f5622665fd8450106,1782472043,image/tiff,2893,2919,,,,,,Disc scan from Internet Archive item cbs-2000-09.,true,not_specified,approved,Disc face for Computer Bild Spiele issue CBS092009DVD.,"Datenträger von Computer Bild Spiele, Ausgabe CBS092009DVD.",Original cover-disc scan for issue CBS092009DVD.,Originalscan des Heft-Datenträgers für Ausgabe CBS092009DVD.,originals/issue-cbs092009dvd.tif
issue-cbs092009dvdgold,issue,CBS092009DVDGold,disc_face,,Internet Archive,cbs-2000-09,2009/Scans/CBS0909Gold_Scans.7z,img20220522_18534446.tif,https://archive.org/details/cbs-2000-09,https://archive.org/download/cbs-2000-09/2009/Scans/CBS0909Gold_Scans.7z,b0581a7f8823f1223004b0cc918b4c8df1d1a06b,9bc75a5539c41251f01eb00e374494a41e94c6f844b1d42cf4bf750206c45b53,1782472043,image/tiff,2905,2895,,,,,,Disc scan from Internet Archive item cbs-2000-09.,true,not_specified,approved,Disc face for Computer Bild Spiele issue CBS092009DVDGold.,"Datenträger von Computer Bild Spiele, Ausgabe CBS092009DVDGold.",Original cover-disc scan for issue CBS092009DVDGold.,Originalscan des Heft-Datenträgers für Ausgabe CBS092009DVDGold.,originals/issue-cbs092009dvdgold.tif
issue-cbs102000,issue,CBS102000,disc_face,,Internet Archive,cbs-2000-09,2000/Scans/CBS102000_Scans.7z,img20220324_11132402.tif,https://archive.org/details/cbs-2000-09,https://archive.org/download/cbs-2000-09/2000/Scans/CBS102000_Scans.7z,a4d52dfa29b519b8a30c1ebbd765f443ad9720a5,9ae8f6eaed3059589115cf11c06af84c0265564f432fdab8cf73da2cb0c67fa1,1782472043,image/tiff,2930,2955,,,,,,Disc scan from Internet Archive item cbs-2000-09.,true,not_specified,approved,Disc face for Computer Bild Spiele issue CBS102000.,"Datenträger von Computer Bild Spiele, Ausgabe CBS102000.",Original cover-disc scan for issue CBS102000.,Originalscan des Heft-Datenträgers für Ausgabe CBS102000.,originals/issue-cbs102000.tif
issue-cbs102001,issue,CBS102001,disc_face,,Internet Archive,cbs-2000-09,2001/Scans/CBS102001_Scans.7z,img20220324_11552719.tif,https://archive.org/details/cbs-2000-09,https://archive.org/download/cbs-2000-09/2001/Scans/CBS102001_Scans.7z,73ddbc616be32b97aa15e8c30d60d876f9528b94,6bdaa95257eb6a029d20e059916fef8293899a0354b43b54051dba2f659bcc8d,1782472043,image/tiff,2918,2931,,,,,,Disc scan from Internet Archive item cbs-2000-09.,true,not_specified,approved,Disc face for Computer Bild Spiele issue CBS102001.,"Datenträger von Computer Bild Spiele, Ausgabe CBS102001.",Original cover-disc scan for issue CBS102001.,Originalscan des Heft-Datenträgers für Ausgabe CBS102001.,originals/issue-cbs102001.tif
issue-cbs102002,issue,CBS102002,disc_face,,Internet Archive,cbs-2000-09,2002/Scans/CBS102002_Scans.7z,img20220327_17474149.tif,https://archive.org/details/cbs-2000-09,https://archive.org/download/cbs-2000-09/2002/Scans/CBS102002_Scans.7z,8acd8714f43070ef2e908c603e071b8337f3dfe5,79e8cbc840f39ec33d60aefce96eca8e813bdbf8cab599df22fe092f29e34075,1782472043,image/tiff,2894,2895,,,,,,Disc scan from Internet Archive item cbs-2000-09.,true,not_specified,approved,Disc face for Computer Bild Spiele issue CBS102002.,"Datenträger von Computer Bild Spiele, Ausgabe CBS102002.",Original cover-disc scan for issue CBS102002.,Originalscan des Heft-Datenträgers für Ausgabe CBS102002.,originals/issue-cbs102002.tif
issue-cbs102003,issue,CBS102003,disc_face,,Internet Archive,cbs-2000-09,2003/Scans/CBS102003_Scans.7z,img20220327_18412362.tif,https://archive.org/details/cbs-2000-09,https://archive.org/download/cbs-2000-09/2003/Scans/CBS102003_Scans.7z,6bf24519731c6bd63a76cefad2ce87bf46643fd3,02eebc443312f4da6f7ab6219d0741fd481b8f797c417102849260a145cc58bc,1782472043,image/tiff,2894,2907,,,,,,Disc scan from Internet Archive item cbs-2000-09.,true,not_specified,approved,Disc face for Computer Bild Spiele issue CBS102003.,"Datenträger von Computer Bild Spiele, Ausgabe CBS102003.",Original cover-disc scan for issue CBS102003.,Originalscan des Heft-Datenträgers für Ausgabe CBS102003.,originals/issue-cbs102003.tif
issue-cbs102004dvd,issue,CBS102004DVD,disc_face,,Internet Archive,cbs-2000-09,2004/Scans/CBS102004DVD_Scans.7z,img20220425_10141892.tif,https://archive.org/details/cbs-2000-09,https://archive.org/download/cbs-2000-09/2004/Scans/CBS102004DVD_Scans.7z,b8b3861cf22043066db970bbb3f9ea8d0ff6d21d,3120e1f56f67e0c23112c865f0a1d84fd03c19a997641776d07cf6732c0e027e,1782472043,image/tiff,2894,2931,,,,,,Disc scan from Internet Archive item cbs-2000-09.,true,not_specified,approved,Disc face for Computer Bild Spiele issue CBS102004DVD.,"Datenträger von Computer Bild Spiele, Ausgabe CBS102004DVD.",Original cover-disc scan for issue CBS102004DVD.,Originalscan des Heft-Datenträgers für Ausgabe CBS102004DVD.,originals/issue-cbs102004dvd.tif
issue-cbs102005dvd,issue,CBS102005DVD,disc_face,,Internet Archive,cbs-2000-09,2005/Scans/CBS102005DVD_Scans.7z,img20220429_12442237.tif,https://archive.org/details/cbs-2000-09,https://archive.org/download/cbs-2000-09/2005/Scans/CBS102005DVD_Scans.7z,5ed73425f9c25dc1f657cc1c23e10cc12fb6cbab,0b2ead08fd527c206e47834c74d409f925365f2fb266b4b33533054e92bb2416,1782472043,image/tiff,2929,2919,,,,,,Disc scan from Internet Archive item cbs-2000-09.,true,not_specified,approved,Disc face for Computer Bild Spiele issue CBS102005DVD.,"Datenträger von Computer Bild Spiele, Ausgabe CBS102005DVD.",Original cover-disc scan for issue CBS102005DVD.,Originalscan des Heft-Datenträgers für Ausgabe CBS102005DVD.,originals/issue-cbs102005dvd.tif
issue-cbs102006dvd,issue,CBS102006DVD,disc_face,,Internet Archive,cbs-2000-09,2006/Scans/CBS102006DVD_Scan.7z,img20220501_19200905.tif,https://archive.org/details/cbs-2000-09,https://archive.org/download/cbs-2000-09/2006/Scans/CBS102006DVD_Scan.7z,4be4f7f410fc7695b8ec2f8b60e94b2764ab675c,0237520a7e93a47dd121ec6c2531ebd7779bf6890ebc2b897162e7ef21290689,1782472043,image/tiff,2869,2907,,,,,,Disc scan from Internet Archive item cbs-2000-09.,true,not_specified,approved,Disc face for Computer Bild Spiele issue CBS102006DVD.,"Datenträger von Computer Bild Spiele, Ausgabe CBS102006DVD.",Original cover-disc scan for issue CBS102006DVD.,Originalscan des Heft-Datenträgers für Ausgabe CBS102006DVD.,originals/issue-cbs102006dvd.tif
issue-cbs102006dvdgold,issue,CBS102006DVDGOLD,disc_face,,Internet Archive,cbs-2000-09,2006/Scans/CBS102006GoldDVD_Scan.7z,img20220501_19165405.tif,https://archive.org/details/cbs-2000-09,https://archive.org/download/cbs-2000-09/2006/Scans/CBS102006GoldDVD_Scan.7z,007a8a9878c1d303c33566b140a02903dc5b0ed0,377e6ebfbfe8dcf9795f88a9f175cff57e4569926d04ea2d5b559abb5318d84a,1782472043,image/tiff,2881,2919,,,,,,Disc scan from Internet Archive item cbs-2000-09.,true,not_specified,approved,Disc face for Computer Bild Spiele issue CBS102006DVDGOLD.,"Datenträger von Computer Bild Spiele, Ausgabe CBS102006DVDGOLD.",Original cover-disc scan for issue CBS102006DVDGOLD.,Originalscan des Heft-Datenträgers für Ausgabe CBS102006DVDGOLD.,originals/issue-cbs102006dvdgold.tif
issue-cbs102007dvd,issue,CBS102007DVD,disc_face,,Internet Archive,cbs-2000-09,2007/Scans/CBS10_07_Scans.7z,img20220508_19402819.tif,https://archive.org/details/cbs-2000-09,https://archive.org/download/cbs-2000-09/2007/Scans/CBS10_07_Scans.7z,ad973c05ca46926efb73d4251222177ea5833d59,d3fa778a145496326cd9ad48e0fd194e737a05e523fc37a3c4b74c8705eaf37c,1782472043,image/tiff,2893,2906,,,,,,Disc scan from Internet Archive item cbs-2000-09.,true,not_specified,approved,Disc face for Computer Bild Spiele issue CBS102007DVD.,"Datenträger von Computer Bild Spiele, Ausgabe CBS102007DVD.",Original cover-disc scan for issue CBS102007DVD.,Originalscan des Heft-Datenträgers für Ausgabe CBS102007DVD.,originals/issue-cbs102007dvd.tif
issue-cbs102007dvdgold,issue,CBS102007DVDGold,disc_face,,Internet Archive,cbs-2000-09,2007/Scans/CBS10_07Gold_Scans.7z,img20220508_19360718.tif,https://archive.org/details/cbs-2000-09,https://archive.org/download/cbs-2000-09/2007/Scans/CBS10_07Gold_Scans.7z,906431dc25f3b988853da10adc90ec171e1f9de4,e29d0af34f6689c91aed4111cb708ae3320abba205bb0885abe79016b1d21f64,1782472043,image/tiff,2906,2907,,,,,,Disc scan from Internet Archive item cbs-2000-09.,true,not_specified,approved,Disc face for Computer Bild Spiele issue CBS102007DVDGold.,"Datenträger von Computer Bild Spiele, Ausgabe CBS102007DVDGold.",Original cover-disc scan for issue CBS102007DVDGold.,Originalscan des Heft-Datenträgers für Ausgabe CBS102007DVDGold.,originals/issue-cbs102007dvdgold.tif
issue-cbs102008dvd,issue,CBS102008DVD,disc_face,,Internet Archive,cbs-2000-09,2008/Scans/CBS10_08_Scans.7z,img20220522_14334563.tif,https://archive.org/details/cbs-2000-09,https://archive.org/download/cbs-2000-09/2008/Scans/CBS10_08_Scans.7z,0069bd29ba2739d05b44d40a9c3631d774106706,99a2fe11c581215f99cd7f27934fbe72da11e5f42e879ee7e7ffc9d3455107f8,1782472043,image/tiff,2893,2907,,,,,,Disc scan from Internet Archive item cbs-2000-09.,true,not_specified,approved,Disc face for Computer Bild Spiele issue CBS102008DVD.,"Datenträger von Computer Bild Spiele, Ausgabe CBS102008DVD.",Original cover-disc scan for issue CBS102008DVD.,Originalscan des Heft-Datenträgers für Ausgabe CBS102008DVD.,originals/issue-cbs102008dvd.tif
issue-cbs102008dvdgold,issue,CBS102008DVDGold,disc_face,,Internet Archive,cbs-2000-09,2008/Scans/CBS10_08Gold_Scans.7z,img20220522_14295880.tif,https://archive.org/details/cbs-2000-09,https://archive.org/download/cbs-2000-09/2008/Scans/CBS10_08Gold_Scans.7z,48709a888ead2689a922b5e19bba8b0f6123623d,7df8ab333e1b3c3cf462274963246d5c40a8bbd3667d42990f3a2d3c6138f2ac,1782472043,image/tiff,2919,2919,,,,,,Disc scan from Internet Archive item cbs-2000-09.,true,not_specified,approved,Disc face for Computer Bild Spiele issue CBS102008DVDGold.,"Datenträger von Computer Bild Spiele, Ausgabe CBS102008DVDGold.",Original cover-disc scan for issue CBS102008DVDGold.,Originalscan des Heft-Datenträgers für Ausgabe CBS102008DVDGold.,originals/issue-cbs102008dvdgold.tif
issue-cbs102009dvd,issue,CBS102009DVD,disc_face,,Internet Archive,cbs-2000-09,2009/Scans/CBS1009_Scans.7z,img20220522_19492133.tif,https://archive.org/details/cbs-2000-09,https://archive.org/download/cbs-2000-09/2009/Scans/CBS1009_Scans.7z,ebcb8f03c46733b8c447a58998d6f976470d0dd4,2be4abaf3a24768c7cbf374250b265b8c11fea780225750b91072f6a65caed00,1782472043,image/tiff,2893,2931,,,,,,Disc scan from Internet Archive item cbs-2000-09.,true,not_specified,approved,Disc face for Computer Bild Spiele issue CBS102009DVD.,"Datenträger von Computer Bild Spiele, Ausgabe CBS102009DVD.",Original cover-disc scan for issue CBS102009DVD.,Originalscan des Heft-Datenträgers für Ausgabe CBS102009DVD.,originals/issue-cbs102009dvd.tif
issue-cbs102009dvdgold,issue,CBS102009DVDGold,disc_face,,Internet Archive,cbs-2000-09,2009/Scans/CBS1009Gold_Scans.7z,img20220522_19031193.tif,https://archive.org/details/cbs-2000-09,https://archive.org/download/cbs-2000-09/2009/Scans/CBS1009Gold_Scans.7z,fab5404f46154f31eef322d4fa4e1abf6ad3d6ff,a05c0aa054c454ade93c7dd13499a345ed537faafdbb7bdfb1b904ea6abb1ad5,1782472043,image/tiff,2905,2919,,,,,,Disc scan from Internet Archive item cbs-2000-09.,true,not_specified,approved,Disc face for Computer Bild Spiele issue CBS102009DVDGold.,"Datenträger von Computer Bild Spiele, Ausgabe CBS102009DVDGold.",Original cover-disc scan for issue CBS102009DVDGold.,Originalscan des Heft-Datenträgers für Ausgabe CBS102009DVDGold.,originals/issue-cbs102009dvdgold.tif
issue-cbs112000,issue,CBS112000,disc_face,,Internet Archive,cbs-2000-09,2000/Scans/CBS112000_Scans.7z,img20220324_10510387.tif,https://archive.org/details/cbs-2000-09,https://archive.org/download/cbs-2000-09/2000/Scans/CBS112000_Scans.7z,383a8a667ebd8054e61238998ab941fb04b3ecb9,14d237052241fb2b0c46cc3c99c63030f87cdb01395ab869ba86a957ad953d87,1782472043,image/tiff,2930,2955,,,,,,Disc scan from Internet Archive item cbs-2000-09.,true,not_specified,approved,Disc face for Computer Bild Spiele issue CBS112000.,"Datenträger von Computer Bild Spiele, Ausgabe CBS112000.",Original cover-disc scan for issue CBS112000.,Originalscan des Heft-Datenträgers für Ausgabe CBS112000.,originals/issue-cbs112000.tif
issue-cbs112001,issue,CBS112001,disc_face,,Internet Archive,cbs-2000-09,2001/Scans/CBS112001_Scans.7z,img20220324_11584135.tif,https://archive.org/details/cbs-2000-09,https://archive.org/download/cbs-2000-09/2001/Scans/CBS112001_Scans.7z,91c3e42ed9b88a3fd5d592293962d07f9919d5b3,cb4730ba18e9d100fd37acc03070ffdcd655611420eaf3fdf7f5b2e35002df88,1782472043,image/tiff,2966,2943,,,,,,Disc scan from Internet Archive item cbs-2000-09.,true,not_specified,approved,Disc face for Computer Bild Spiele issue CBS112001.,"Datenträger von Computer Bild Spiele, Ausgabe CBS112001.",Original cover-disc scan for issue CBS112001.,Originalscan des Heft-Datenträgers für Ausgabe CBS112001.,originals/issue-cbs112001.tif
issue-cbs112002,issue,CBS112002,disc_face,,Internet Archive,cbs-2000-09,2002/Scans/CBS112002_Scans.7z,img20220327_17505035.tif,https://archive.org/details/cbs-2000-09,https://archive.org/download/cbs-2000-09/2002/Scans/CBS112002_Scans.7z,193d918d13e81452209e9158441af0b82d84464c,60c5fc18e85d9135c91a83fab2fbe7e7317ae2d8dc8d8ac90ad9244073725845,1782472043,image/tiff,2894,2895,,,,,,Disc scan from Internet Archive item cbs-2000-09.,true,not_specified,approved,Disc face for Computer Bild Spiele issue CBS112002.,"Datenträger von Computer Bild Spiele, Ausgabe CBS112002.",Original cover-disc scan for issue CBS112002.,Originalscan des Heft-Datenträgers für Ausgabe CBS112002.,originals/issue-cbs112002.tif
issue-cbs112003,issue,CBS112003,disc_face,,Internet Archive,cbs-2000-09,2003/Scans/CBS112003_Scans.7z,img20220327_18445003.tif,https://archive.org/details/cbs-2000-09,https://archive.org/download/cbs-2000-09/2003/Scans/CBS112003_Scans.7z,42c9b203c1e879eace8b1adb08e96e684207a7cc,7f0418e055dcc90d8e370bf5861f0595a2ae4fdc1b96d61cc96afcb9566690e7,1782472043,image/tiff,2894,2907,,,,,,Disc scan from Internet Archive item cbs-2000-09.,true,not_specified,approved,Disc face for Computer Bild Spiele issue CBS112003.,"Datenträger von Computer Bild Spiele, Ausgabe CBS112003.",Original cover-disc scan for issue CBS112003.,Originalscan des Heft-Datenträgers für Ausgabe CBS112003.,originals/issue-cbs112003.tif
issue-cbs112004dvd,issue,CBS112004DVD,disc_face,,Internet Archive,cbs-2000-09,2004/Scans/CBS112004DVD_Scans.7z,img20220425_10195516.tif,https://archive.org/details/cbs-2000-09,https://archive.org/download/cbs-2000-09/2004/Scans/CBS112004DVD_Scans.7z,1e9f91ca2110a0aa235fb0ae43214f1dab1cc484,02b0bbb1e849ed24990fde59b94b5543c3fe5fc1b0cc7880dafcc9030f3f2ba0,1782472043,image/tiff,2917,2931,,,,,,Disc scan from Internet Archive item cbs-2000-09.,true,not_specified,approved,Disc face for Computer Bild Spiele issue CBS112004DVD.,"Datenträger von Computer Bild Spiele, Ausgabe CBS112004DVD.",Original cover-disc scan for issue CBS112004DVD.,Originalscan des Heft-Datenträgers für Ausgabe CBS112004DVD.,originals/issue-cbs112004dvd.tif
issue-cbs112005dvd,issue,CBS112005DVD,disc_face,,Internet Archive,cbs-2000-09,2005/Scans/CBS112005DVD_Scans.7z,img20220429_12500864.tif,https://archive.org/details/cbs-2000-09,https://archive.org/download/cbs-2000-09/2005/Scans/CBS112005DVD_Scans.7z,d6b4510eadcd7546806f406a450e2a28811b9fc0,b6efa9c318815425f9709d4d89f52877e13dfe9ad940cacaecb426e1028014e4,1782472043,image/tiff,2917,2931,,,,,,Disc scan from Internet Archive item cbs-2000-09.,true,not_specified,approved,Disc face for Computer Bild Spiele issue CBS112005DVD.,"Datenträger von Computer Bild Spiele, Ausgabe CBS112005DVD.",Original cover-disc scan for issue CBS112005DVD.,Originalscan des Heft-Datenträgers für Ausgabe CBS112005DVD.,originals/issue-cbs112005dvd.tif
issue-cbs112006dvd,issue,CBS112006DVD,disc_face,,Internet Archive,cbs-2000-09,2006/Scans/CBS112006DVD_Scan.7z,img20220501_19405326.tif,https://archive.org/details/cbs-2000-09,https://archive.org/download/cbs-2000-09/2006/Scans/CBS112006DVD_Scan.7z,20585c2f3098a066067271dc15060fea598c6272,386cc91553a7b0b2f50ef4b789fcf37178071f7cdd5df3fa8b5702f85ea9f6d7,1782472043,image/tiff,2881,2907,,,,,,Disc scan from Internet Archive item cbs-2000-09.,true,not_specified,approved,Disc face for Computer Bild Spiele issue CBS112006DVD.,"Datenträger von Computer Bild Spiele, Ausgabe CBS112006DVD.",Original cover-disc scan for issue CBS112006DVD.,Originalscan des Heft-Datenträgers für Ausgabe CBS112006DVD.,originals/issue-cbs112006dvd.tif
issue-cbs112007dvd,issue,CBS112007DVD,disc_face,,Internet Archive,cbs-2000-09,2007/Scans/CBS11_07_Scans.7z,img20220508_19501270.tif,https://archive.org/details/cbs-2000-09,https://archive.org/download/cbs-2000-09/2007/Scans/CBS11_07_Scans.7z,efe48b412d8521d592d127ea143c49c00199bbb4,1f108db7111dfb94175ab6e09705ac5ba188bc9fd73d3367cab6c5b6af499974,1782472043,image/tiff,2906,2907,,,,,,Disc scan from Internet Archive item cbs-2000-09.,true,not_specified,approved,Disc face for Computer Bild Spiele issue CBS112007DVD.,"Datenträger von Computer Bild Spiele, Ausgabe CBS112007DVD.",Original cover-disc scan for issue CBS112007DVD.,Originalscan des Heft-Datenträgers für Ausgabe CBS112007DVD.,originals/issue-cbs112007dvd.tif
issue-cbs112007dvdgold,issue,CBS112007DVDGold,disc_face,,Internet Archive,cbs-2000-09,2007/Scans/CBS11_07Gold_Scans.7z,img20220508_19444630.tif,https://archive.org/details/cbs-2000-09,https://archive.org/download/cbs-2000-09/2007/Scans/CBS11_07Gold_Scans.7z,06ee8d20e9874bae738c7ad6822b7025291bbf24,3d814b8d97c62131fec403bb3daba789c3621108a332f1cde10aeccd9e99455f,1782472043,image/tiff,2882,2919,,,,,,Disc scan from Internet Archive item cbs-2000-09.,true,not_specified,approved,Disc face for Computer Bild Spiele issue CBS112007DVDGold.,"Datenträger von Computer Bild Spiele, Ausgabe CBS112007DVDGold.",Original cover-disc scan for issue CBS112007DVDGold.,Originalscan des Heft-Datenträgers für Ausgabe CBS112007DVDGold.,originals/issue-cbs112007dvdgold.tif
issue-cbs112008dvd,issue,CBS112008DVD,disc_face,,Internet Archive,cbs-2000-09,2008/Scans/CBS11_08_Scans.7z,img20220522_14411733.tif,https://archive.org/details/cbs-2000-09,https://archive.org/download/cbs-2000-09/2008/Scans/CBS11_08_Scans.7z,54c6cb9db5cdbf1207ec72491a1708636e1c9dcc,26d9f8c40dc998d8d194074675b09c6c88650328bcef6487ec9ec7e0ddc8cfd8,1782472043,image/tiff,2893,2919,,,,,,Disc scan from Internet Archive item cbs-2000-09.,true,not_specified,approved,Disc face for Computer Bild Spiele issue CBS112008DVD.,"Datenträger von Computer Bild Spiele, Ausgabe CBS112008DVD.",Original cover-disc scan for issue CBS112008DVD.,Originalscan des Heft-Datenträgers für Ausgabe CBS112008DVD.,originals/issue-cbs112008dvd.tif
issue-cbs112008dvdgold,issue,CBS112008DVDGold,disc_face,,Internet Archive,cbs-2000-09,2008/Scans/CBS11_08Gold_Scans.7z,img20220522_14373898.tif,https://archive.org/details/cbs-2000-09,https://archive.org/download/cbs-2000-09/2008/Scans/CBS11_08Gold_Scans.7z,3af5ca1459410decc558456b4abcd5dbc427e981,ca830077f09a10c97339ce06ae1c48d6c2962b3c320b7f8fdd2e6bfc15b222ce,1782472043,image/tiff,2917,2931,,,,,,Disc scan from Internet Archive item cbs-2000-09.,true,not_specified,approved,Disc face for Computer Bild Spiele issue CBS112008DVDGold.,"Datenträger von Computer Bild Spiele, Ausgabe CBS112008DVDGold.",Original cover-disc scan for issue CBS112008DVDGold.,Originalscan des Heft-Datenträgers für Ausgabe CBS112008DVDGold.,originals/issue-cbs112008dvdgold.tif
issue-cbs112009dvd,issue,CBS112009DVD,disc_face,,Internet Archive,cbs-2000-09,2009/Scans/CBS1109_Scans.7z,img20220522_19335715.tif,https://archive.org/details/cbs-2000-09,https://archive.org/download/cbs-2000-09/2009/Scans/CBS1109_Scans.7z,321b09343129446df60a07c9e47c80ee3d42a4b0,4a37c3cfc7970a269f358093ca909b3cae383ed9749883c26df570cac73c98f5,1782472043,image/tiff,2881,2919,,,,,,Disc scan from Internet Archive item cbs-2000-09.,true,not_specified,approved,Disc face for Computer Bild Spiele issue CBS112009DVD.,"Datenträger von Computer Bild Spiele, Ausgabe CBS112009DVD.",Original cover-disc scan for issue CBS112009DVD.,Originalscan des Heft-Datenträgers für Ausgabe CBS112009DVD.,originals/issue-cbs112009dvd.tif
issue-cbs112009dvdgold,issue,CBS112009DVDGold,disc_face,,Internet Archive,cbs-2000-09,2009/Scans/CBS1109Gold_Scans.7z,img20220522_19272912.tif,https://archive.org/details/cbs-2000-09,https://archive.org/download/cbs-2000-09/2009/Scans/CBS1109Gold_Scans.7z,dbdfcb0d69bc9bac8ceba7d7a10873e304784e03,bd491507c83a226b6d56b491e101dd2782a0da9351180988ba521c163924bbc7,1782472043,image/tiff,2881,2883,,,,,,Disc scan from Internet Archive item cbs-2000-09.,true,not_specified,approved,Disc face for Computer Bild Spiele issue CBS112009DVDGold.,"Datenträger von Computer Bild Spiele, Ausgabe CBS112009DVDGold.",Original cover-disc scan for issue CBS112009DVDGold.,Originalscan des Heft-Datenträgers für Ausgabe CBS112009DVDGold.,originals/issue-cbs112009dvdgold.tif
issue-cbs121999,issue,CBS121999,disc_face,,Internet Archive,cbs-2000-09,1999/Scans/CBS121999_Scans.7z,img20220421_11084580.tif,https://archive.org/details/cbs-2000-09,https://archive.org/download/cbs-2000-09/1999/Scans/CBS121999_Scans.7z,cad7f78a868bccb0add801efbc492edcd35f359e,99c53859d9b6624e2dd65d0fb34909fcceab1c9a929839b957fb7f4de305f8b4,1782472043,image/tiff,2930,2943,,,,,,Disc scan from Internet Archive item cbs-2000-09.,true,not_specified,approved,Disc face for Computer Bild Spiele issue CBS121999.,"Datenträger von Computer Bild Spiele, Ausgabe CBS121999.",Original cover-disc scan for issue CBS121999.,Originalscan des Heft-Datenträgers für Ausgabe CBS121999.,originals/issue-cbs121999.tif
issue-cbs122001,issue,CBS122001,disc_face,,Internet Archive,cbs-2000-09,2001/Scans/CBS122001_Scans.7z,img20220324_12022373.tif,https://archive.org/details/cbs-2000-09,https://archive.org/download/cbs-2000-09/2001/Scans/CBS122001_Scans.7z,bccebc4982601d66d1abffb34d905ac5f0b5a073,4e2c2789d868449333f526593b780602c4b01588e2d8087fc545a86aee02ba90,1782472043,image/tiff,2918,2943,,,,,,Disc scan from Internet Archive item cbs-2000-09.,true,not_specified,approved,Disc face for Computer Bild Spiele issue CBS122001.,"Datenträger von Computer Bild Spiele, Ausgabe CBS122001.",Original cover-disc scan for issue CBS122001.,Originalscan des Heft-Datenträgers für Ausgabe CBS122001.,originals/issue-cbs122001.tif
issue-cbs122002,issue,CBS122002,disc_face,,Internet Archive,cbs-2000-09,2002/Scans/CBS122002_Scans.7z,img20220327_17535364.tif,https://archive.org/details/cbs-2000-09,https://archive.org/download/cbs-2000-09/2002/Scans/CBS122002_Scans.7z,16360d7659b31acf893930c475bdfb2e612392c5,e44a5e6166a0c250f2c9ac38b16a97a7ced0c15995ecdfffdd788705dee9dc92,1782472043,image/tiff,2894,2895,,,,,,Disc scan from Internet Archive item cbs-2000-09.,true,not_specified,approved,Disc face for Computer Bild Spiele issue CBS122002.,"Datenträger von Computer Bild Spiele, Ausgabe CBS122002.",Original cover-disc scan for issue CBS122002.,Originalscan des Heft-Datenträgers für Ausgabe CBS122002.,originals/issue-cbs122002.tif
issue-cbs122003-cd1,issue,CBS122003 (CD1),disc_face,,Internet Archive,cbs-2000-09,2003/Scans/CBS122003(1)_Scans.7z,img20220327_18490813.tif,https://archive.org/details/cbs-2000-09,https://archive.org/download/cbs-2000-09/2003/Scans/CBS122003%281%29_Scans.7z,e48b71d1369435ce7885ee76507a04471b6d5c18,1c14c0185c3b79d5cf21ccb0b0a540d635edee36ae55ce32b0e3d47237f60ce4,1782472043,image/tiff,2894,2907,,,,,,Disc scan from Internet Archive item cbs-2000-09.,true,not_specified,approved,Disc face for Computer Bild Spiele issue CBS122003 (CD1).,"Datenträger von Computer Bild Spiele, Ausgabe CBS122003 (CD1).",Original cover-disc scan for issue CBS122003 (CD1).,Originalscan des Heft-Datenträgers für Ausgabe CBS122003 (CD1).,originals/issue-cbs122003-cd1.tif
issue-cbs122003-cd2,issue,CBS122003 (CD2),disc_face,,Internet Archive,cbs-2000-09,2003/Scans/CBS122003(2)_Scans.7z,img20220327_18523030.tif,https://archive.org/details/cbs-2000-09,https://archive.org/download/cbs-2000-09/2003/Scans/CBS122003%282%29_Scans.7z,f93caf827105a2a61573431c5a137d223cf62acc,ab936bb6b8da680359179aef8b4834c8a46660abdb24847e6dc810a7777030eb,1782472043,image/tiff,2894,2907,,,,,,Disc scan from Internet Archive item cbs-2000-09.,true,not_specified,approved,Disc face for Computer Bild Spiele issue CBS122003 (CD2).,"Datenträger von Computer Bild Spiele, Ausgabe CBS122003 (CD2).",Original cover-disc scan for issue CBS122003 (CD2).,Originalscan des Heft-Datenträgers für Ausgabe CBS122003 (CD2).,originals/issue-cbs122003-cd2.tif
issue-cbs122004dvd,issue,CBS122004DVD,disc_face,,Internet Archive,cbs-2000-09,2004/Scans/CBS122004DVD_Scans.7z,img20220425_10212446.tif,https://archive.org/details/cbs-2000-09,https://archive.org/download/cbs-2000-09/2004/Scans/CBS122004DVD_Scans.7z,23f07e1fa4da7e4f9b4f4c59b1c0743fc7ba17a9,60b8acacd61e81168b72e8fc55ce6167ed1e056f1034819d8414b492ee7a87af,1782472043,image/tiff,2917,2931,,,,,,Disc scan from Internet Archive item cbs-2000-09.,true,not_specified,approved,Disc face for Computer Bild Spiele issue CBS122004DVD.,"Datenträger von Computer Bild Spiele, Ausgabe CBS122004DVD.",Original cover-disc scan for issue CBS122004DVD.,Originalscan des Heft-Datenträgers für Ausgabe CBS122004DVD.,originals/issue-cbs122004dvd.tif
issue-cbs122005dvd,issue,CBS122005DVD,disc_face,,Internet Archive,cbs-2000-09,2005/Scans/CBS122005DVD_Scans.7z,img20220429_12520331.tif,https://archive.org/details/cbs-2000-09,https://archive.org/download/cbs-2000-09/2005/Scans/CBS122005DVD_Scans.7z,cdbef6ab9bc48ae28deebcf77bc377b7d134721f,319736de759b5bbf92df468fe94a68c0fcfed8db700791e51bd54dcc4acb0a4c,1782472043,image/tiff,2917,2931,,,,,,Disc scan from Internet Archive item cbs-2000-09.,true,not_specified,approved,Disc face for Computer Bild Spiele issue CBS122005DVD.,"Datenträger von Computer Bild Spiele, Ausgabe CBS122005DVD.",Original cover-disc scan for issue CBS122005DVD.,Originalscan des Heft-Datenträgers für Ausgabe CBS122005DVD.,originals/issue-cbs122005dvd.tif
issue-cbs122006dvd,issue,CBS122006DVD,disc_face,,Internet Archive,cbs-2000-09,2006/Scans/CBS122006DVD_Scan.7z,img20220501_20074647.tif,https://archive.org/details/cbs-2000-09,https://archive.org/download/cbs-2000-09/2006/Scans/CBS122006DVD_Scan.7z,730b3015a2f08821535d1c72f3f683c0fd88e33c,3ebc267b82fbc32d0fc4cc265775129df993bb1f4da610a44fcf8e56c615472a,1782472043,image/tiff,2881,2907,,,,,,Disc scan from Internet Archive item cbs-2000-09.,true,not_specified,approved,Disc face for Computer Bild Spiele issue CBS122006DVD.,"Datenträger von Computer Bild Spiele, Ausgabe CBS122006DVD.",Original cover-disc scan for issue CBS122006DVD.,Originalscan des Heft-Datenträgers für Ausgabe CBS122006DVD.,originals/issue-cbs122006dvd.tif
issue-cbs122006dvdgold,issue,CBS122006DVDGOLD,disc_face,,Internet Archive,cbs-2000-09,2006/Scans/CBS122006GoldDVD_Scan.7z,img20220501_20035910.tif,https://archive.org/details/cbs-2000-09,https://archive.org/download/cbs-2000-09/2006/Scans/CBS122006GoldDVD_Scan.7z,5865b2b329613e72c4f6f81c5479194aa7d7181d,a3cbc8bbf62d47b5d48681f2dc547ae1dfccabfd21a25dd0b1efb395755d351a,1782472043,image/tiff,2905,2907,,,,,,Disc scan from Internet Archive item cbs-2000-09.,true,not_specified,approved,Disc face for Computer Bild Spiele issue CBS122006DVDGOLD.,"Datenträger von Computer Bild Spiele, Ausgabe CBS122006DVDGOLD.",Original cover-disc scan for issue CBS122006DVDGOLD.,Originalscan des Heft-Datenträgers für Ausgabe CBS122006DVDGOLD.,originals/issue-cbs122006dvdgold.tif
issue-cbs122007dvd,issue,CBS122007DVD,disc_face,,Internet Archive,cbs-2000-09,2007/Scans/CBS12_07_Scans.7z,img20220508_19582935.tif,https://archive.org/details/cbs-2000-09,https://archive.org/download/cbs-2000-09/2007/Scans/CBS12_07_Scans.7z,2257721c3673fd56226cc29185d8520d69ff13e5,d237bd9dfff25b4a8248a8e9dc0c4b510ec38815a96f7b26aec4b2a7c1c628bf,1782472043,image/tiff,2894,2883,,,,,,Disc scan from Internet Archive item cbs-2000-09.,true,not_specified,approved,Disc face for Computer Bild Spiele issue CBS122007DVD.,"Datenträger von Computer Bild Spiele, Ausgabe CBS122007DVD.",Original cover-disc scan for issue CBS122007DVD.,Originalscan des Heft-Datenträgers für Ausgabe CBS122007DVD.,originals/issue-cbs122007dvd.tif
issue-cbs122007dvdgold,issue,CBS122007DVDGold,disc_face,,Internet Archive,cbs-2000-09,2007/Scans/CBS12_07Gold_Scans.7z,img20220508_19543984.tif,https://archive.org/details/cbs-2000-09,https://archive.org/download/cbs-2000-09/2007/Scans/CBS12_07Gold_Scans.7z,2fe8f4bc3fb5e31373ba79a3e1f78a9f10bc7bc2,4b00a6487ecbb640bf3132d23125bdb39c49bfb0d872130fe9b51aad521a2d66,1782472043,image/tiff,2906,2930,,,,,,Disc scan from Internet Archive item cbs-2000-09.,true,not_specified,approved,Disc face for Computer Bild Spiele issue CBS122007DVDGold.,"Datenträger von Computer Bild Spiele, Ausgabe CBS122007DVDGold.",Original cover-disc scan for issue CBS122007DVDGold.,Originalscan des Heft-Datenträgers für Ausgabe CBS122007DVDGold.,originals/issue-cbs122007dvdgold.tif
issue-cbs122008dvd,issue,CBS122008DVD,disc_face,,Internet Archive,cbs-2000-09,2008/Scans/CBS12_08_Scans.7z,img20220522_14483210.tif,https://archive.org/details/cbs-2000-09,https://archive.org/download/cbs-2000-09/2008/Scans/CBS12_08_Scans.7z,677dae72e32248d77475c431abc04cab4389fd02,cb1681b907e76c790ce177b85d4e2320bc416631e978e517a8d0627756a82a4d,1782472043,image/tiff,2869,2919,,,,,,Disc scan from Internet Archive item cbs-2000-09.,true,not_specified,approved,Disc face for Computer Bild Spiele issue CBS122008DVD.,"Datenträger von Computer Bild Spiele, Ausgabe CBS122008DVD.",Original cover-disc scan for issue CBS122008DVD.,Originalscan des Heft-Datenträgers für Ausgabe CBS122008DVD.,originals/issue-cbs122008dvd.tif
issue-cbs122008dvdgold,issue,CBS122008DVDGold,disc_face,,Internet Archive,cbs-2000-09,2008/Scans/CBS12_08Gold_Scans.7z,img20220522_14451265.tif,https://archive.org/details/cbs-2000-09,https://archive.org/download/cbs-2000-09/2008/Scans/CBS12_08Gold_Scans.7z,e00516ebd0ea09d637eb44bfac126b37bdf14ebb,5d36f9c5946602c6901c80c0d45b08ed1d299b9a7ff880e312cdf54cea961a3a,1782472043,image/tiff,2905,2907,,,,,,Disc scan from Internet Archive item cbs-2000-09.,true,not_specified,approved,Disc face for Computer Bild Spiele issue CBS122008DVDGold.,"Datenträger von Computer Bild Spiele, Ausgabe CBS122008DVDGold.",Original cover-disc scan for issue CBS122008DVDGold.,Originalscan des Heft-Datenträgers für Ausgabe CBS122008DVDGold.,originals/issue-cbs122008dvdgold.tif
issue-cbs122010dvd,issue,CBS122010DVD,disc_face,,Internet Archive,cbs-2000-09,2010/Scans/CBS1210_Scans.7z,img20220614_11093807.tif,https://archive.org/details/cbs-2000-09,https://archive.org/download/cbs-2000-09/2010/Scans/CBS1210_Scans.7z,3af08c41fabd2a4a5acce0e188661864cea186fd,7b5dace93f4510e89b382d4dba253ff36694eda2ebdb40806f036bffdfd75fd7,1782472043,image/tiff,2906,2930,,,,,,Disc scan from Internet Archive item cbs-2000-09.,true,not_specified,approved,Disc face for Computer Bild Spiele issue CBS122010DVD.,"Datenträger von Computer Bild Spiele, Ausgabe CBS122010DVD.",Original cover-disc scan for issue CBS122010DVD.,Originalscan des Heft-Datenträgers für Ausgabe CBS122010DVD.,originals/issue-cbs122010dvd.tif
issue-cbs122010dvdgold,issue,CBS122010DVDGold,disc_face,4,Internet Archive,cbs-2000-09,2010/Scans/CBS1210Gold_Scans.7z,img20220614_11062036.tif,https://archive.org/details/cbs-2000-09,https://archive.org/download/cbs-2000-09/2010/Scans/CBS1210Gold_Scans.7z,91e6ef39221af1f9b59ee1e8db2b7b27c1a22ed2,1f74c203e1063a136e7abb5a11a58453eb0084715089835b6e8cf995dd1cefa9,1782472043,image/tiff,2906,2930,,,,,,Disc scan from Internet Archive item cbs-2000-09.,true,not_specified,approved,Disc face for Computer Bild Spiele issue CBS122010DVDGold.,"Datenträger von Computer Bild Spiele, Ausgabe CBS122010DVDGold.",Original cover-disc scan for issue CBS122010DVDGold.,Originalscan des Heft-Datenträgers für Ausgabe CBS122010DVDGold.,originals/issue-cbs122010dvdgold.tif
