game_id,normalized_title,representative_title,match_status,semantic_match_status,lookup_status,match_confidence,failure_reason,search_variants
1944winterschlachtindenardennen,1944 winterschlacht in den ardennen,1944 Winterschlacht in den Ardennen,unmatched,no_match,complete,low,unmatched_source_alias; demoted_weak_alias_match,1944 Winterschlacht in den Ardennen
4story,4 story,4 Story,unmatched,no_match,complete,low,unmatched_source_alias; demoted_weak_alias_match,4 Story
442fussballmanager,442 fussball manager,442 Fussball Manager,unmatched,no_match,complete,low,unmatched_source_alias; demoted_weak_alias_match,442 Fussball Manager
64bitvier,64 bit vier,64 Bit)vier,unmatched,no_match,complete,low,unmatched_source_alias; demoted_weak_alias_match,64 Bit)vier
abdurchdiehecke,abdurchdie hecke,Abdurchdie Hecke,unmatched,no_match,complete,low,unmatched_source_alias; demoted_weak_alias_match,Abdurchdie Hecke
abenteueraufdemreiterhofdasabenteuerrundumspferd,abenteuer auf dem reiterhof das abenteuer rund ums pferd,Abenteuer auf dem Reiterhof Das Abenteuer rund ums Pferd,unmatched,no_match,complete,low,unmatched_source_alias; demoted_weak_alias_match,Abenteuer auf dem Reiterhof Das Abenteuer rund ums Pferd; Abenteueraufdem Reiterhof Das Abenteuerrundums Pferd
absoluteblue,absolute blue,Absolute Blue,unmatched,no_match,complete,low,unmatched_source_alias; demoted_weak_alias_match,Absolute Blue
achtungroboter,achtung roboter,Achtung Roboter,unmatched,no_match,complete,low,unmatched_source_alias; demoted_weak_alias_match,Achtung Roboter
actuasoccerfeaturingoliverbierhoff,actua soccer featuring oliver bierhoff,Actua Soccer Featuring Oliver Bierhoff,unmatched,no_match,complete,low,unmatched_source_alias; demoted_weak_alias_match,Actua Soccer Featuring Oliver Bierhoff
afrikacorpsvs,afrika corps vs,Afrika Corps vs,unmatched,no_match,complete,low,unmatched_source_alias; demoted_weak_alias_match,Afrika Corps vs
agathachristiedasbseunterdersonne,agatha christie das bseunterder sonne,Agatha Christie Das Bseunterder Sonne,unmatched,no_match,complete,low,unmatched_source_alias; demoted_weak_alias_match,Agatha Christie Das Bseunterder Sonne
agathachristiemordimorientexpress,agatha christie mordim orient express,Agatha Christie Mordim Orient Express,unmatched,no_match,complete,low,unmatched_source_alias; demoted_weak_alias_match,Agatha Christie Mordim Orient Express
ageofempiresgoldedition,age of empires gold edition,Age of Empires Gold Edition,unmatched,no_match,complete,low,unmatched_source_alias; demoted_weak_alias_match,Age of Empires Gold Edition
agesofempires3,ages of empires 3,Ages of Empires 3,unmatched,no_match,complete,low,unmatched_source_alias; demoted_weak_alias_match,Ages of Empires 3
airconflictsaddon,air conflicts addon,Air Conflicts Addon,unmatched,no_match,complete,low,unmatched_source_alias; demoted_weak_alias_match,Air Conflicts Addon
airtaxi,air taxi,Air Taxi,unmatched,no_match,complete,low,unmatched_source_alias; demoted_weak_alias_match,Air Taxi
airlinestycoondeluxe,airlines tycoon deluxe,Airlines Tycoon Deluxe,unmatched,no_match,complete,low,unmatched_source_alias; demoted_weak_alias_match,Airlines Tycoon Deluxe
alemmoandthelostdutchmansmine,al emmoandthe lost dutchmans mine,Al Emmoandthe Lost Dutchmans Mine,unmatched,no_match,complete,low,unmatched_source_alias; demoted_weak_alias_match,Al Emmoandthe Lost Dutchmans Mine
alarmfrcobranitro,alarmfr cobra nitro,Alarmfr Cobra Nitro,unmatched,no_match,complete,low,unmatched_source_alias; demoted_weak_alias_match,Alarmfr Cobra Nitro
alarmfuercobracrashtime,alarmfuer cobra crash time,Alarmfuer Cobra Crash Time,unmatched,no_match,complete,low,unmatched_source_alias; demoted_weak_alias_match,Alarmfuer Cobra Crash Time
alexanderdiestundederhelden,alexander die stunde der helden,Alexander Die Stunde der Helden,unmatched,no_match,complete,low,unmatched_source_alias; demoted_weak_alias_match,Alexander Die Stunde der Helden; Alexander Die Stundeder Helden
alextheallegator,alexthe allegator,Alexthe Allegator,unmatched,no_match,complete,low,unmatched_source_alias; demoted_weak_alias_match,Alexthe Allegator
alienchess,alien chess,Alien Chess,unmatched,no_match,complete,low,unmatched_source_alias; demoted_weak_alias_match,Alien Chess
alienhorde,alien horde,Alien Horde,unmatched,no_match,complete,low,unmatched_source_alias; demoted_weak_alias_match,Alien Horde
allstarstrippoker,all star strip poker,All Star Strip Poker,unmatched,no_match,complete,low,unmatched_source_alias; demoted_weak_alias_match,All Star Strip Poker
alternateflip,alternate flip,Alternate Flip,unmatched,no_match,complete,low,unmatched_source_alias; demoted_weak_alias_match,Alternate Flip
alundo,alundo,Alundo,unmatched,no_match,complete,low,unmatched_source_alias; demoted_weak_alias_match,Alundo
ancientwarsspartafateofhellas,ancient wars sparta fateof hellas,Ancient Wars Sparta Fateof Hellas,unmatched,no_match,complete,low,unmatched_source_alias; demoted_weak_alias_match,Ancient Wars Sparta Fateof Hellasv14
andersensmaedchen,andersens maedchen,Andersens Maedchen,unmatched,no_match,complete,low,unmatched_source_alias; demoted_weak_alias_match,Andersens Maedchen
angelknigspinnfischenindeutschland,angel knig spinnfischenin deutschland,Angel Knig Spinnfischenin Deutschland,unmatched,no_match,complete,low,unmatched_source_alias; demoted_weak_alias_match,Angel Knig Spinnfischenin Deutschland
angriffaufdiewestfront,angriff auf die westfront,Angriff auf die Westfront,unmatched,no_match,complete,low,unmatched_source_alias; demoted_weak_alias_match,Angriff auf die Westfront
ankhkampfdergtter,ankh kampfder gtter,Ankh Kampfder Gtter,unmatched,no_match,complete,low,unmatched_source_alias; demoted_weak_alias_match,Ankh Kampfder Gtter
anno,anno,Anno,unmatched,no_match,complete,low,unmatched_source_alias; demoted_weak_alias_match,Annov
anno1701derfluchdesdrachen,anno 1701 der fluch des drachen,Anno 1701 Der Fluch des Drachen,unmatched,no_match,complete,low,unmatched_source_alias; demoted_weak_alias_match,Anno 1701 Der Fluch des Drachen (Add On Demo)
anstoedition,ansto edition,Ansto Edition,unmatched,no_match,complete,low,unmatched_source_alias; demoted_weak_alias_match,Ansto Edition
anstovzwei,anstov zwei,Anstov Zwei,unmatched,no_match,complete,low,unmatched_source_alias; demoted_weak_alias_match,Anstov Zwei
antitwin,anti twin,Anti Twin,unmatched,no_match,complete,low,unmatched_source_alias; demoted_weak_alias_match,Anti Twin
antiramexiko,antira mexiko,"Antira, Mexiko",unmatched,no_match,complete,low,unmatched_source_alias; demoted_weak_alias_match,"Antira, Mexiko"
apassionatadiegalanachtderpferde,apassionata die galanacht der pferde,Apassionata - Die Galanacht der Pferde,unmatched,no_match,complete,low,unmatched_source_alias; demoted_weak_alias_match,Apassionata - Die Galanacht der Pferde
arcaderacecrash,arcade race crash,Arcade Race Crash,unmatched,no_match,complete,low,unmatched_source_alias; demoted_weak_alias_match,Arcade Race Crash
armourofgod2,armour of god 2,Armour of God 2,unmatched,no_match,complete,low,unmatched_source_alias; demoted_weak_alias_match,Armour of God 2; Armourof God2
arthurunddieminimoys,arthurunddie minimoys,Arthurunddie Minimoys,unmatched,no_match,complete,low,unmatched_source_alias; demoted_weak_alias_match,Arthurunddie Minimoys
astroman,astro man,Astro Man,unmatched,no_match,complete,low,unmatched_source_alias; demoted_weak_alias_match,Astro Man
athletics,athletics,Athletics,unmatched,no_match,complete,low,unmatched_source_alias; demoted_weak_alias_match,Athletics
atlantisdasheiligevermchtnis,atlantis dasheilige vermchtnis,Atlantis Dasheilige Vermchtnis,unmatched,no_match,complete,low,unmatched_source_alias; demoted_weak_alias_match,Atlantis Dasheilige Vermchtnis
atoll,atoll,Atoll,unmatched,no_match,complete,low,unmatched_source_alias; demoted_weak_alias_match,Atoll
atomundmolekl,atomund molekl,Atomund Molekl,unmatched,no_match,complete,low,unmatched_source_alias; demoted_weak_alias_match,Atomund Molekl
auergefahr,auer gefahr,Auer Gefahr,unmatched,no_match,complete,low,unmatched_source_alias; demoted_weak_alias_match,Auer Gefahr
auratorzurewigkeit,aura tor zur ewigkeit,Aura Tor zur Ewigkeit,unmatched,no_match,complete,low,unmatched_source_alias; demoted_weak_alias_match,Aura Tor zur Ewigkeit v 1; Aura Tor zur Ewigkeit
aurorawatching,aurora watching,Aurora Watching,unmatched,no_match,complete,low,unmatched_source_alias; demoted_weak_alias_match,Aurora Watching
autocrossracing,auto cross racing,Auto Cross Racing,unmatched,no_match,complete,low,unmatched_source_alias; demoted_weak_alias_match,Auto Cross Racing
autobahnraser2,autobahn raser 2,Autobahn Raser 2,unmatched,no_match,complete,low,unmatched_source_alias; demoted_weak_alias_match,Autobahn Raser 2
autobahnraser4,autobahn raser 4,Autobahn Raser 4,unmatched,no_match,complete,low,unmatched_source_alias; demoted_weak_alias_match,Autobahn Raser 4
autobahnraserdasspiel,autobahn raser das spiel,Autobahn Raser Das Spiel,unmatched,no_match,complete,low,unmatched_source_alias; demoted_weak_alias_match,Autobahn Raser Das Spiel
autobahnraserspielzumfilm,autobahn raser spiel zum film,Autobahn Raser Spiel zum Film,unmatched,no_match,complete,low,unmatched_source_alias; demoted_weak_alias_match,Autobahn Raser Spiel zum Film
autobahnraserw,autobahn raser w,Autobahn Raser W,unmatched,no_match,complete,low,unmatched_source_alias; demoted_weak_alias_match,Autobahn Raser W
autobahnraser3,autobahnraser 3,Autobahnraser 3,unmatched,no_match,complete,low,unmatched_source_alias; demoted_weak_alias_match,Autobahnraser 3
awnuts,aw nuts,Aw Nuts,unmatched,no_match,complete,low,unmatched_source_alias; demoted_weak_alias_match,Aw Nuts
axesnakepeel,axe snake peel,Axe Snake Peel,unmatched,no_match,complete,low,unmatched_source_alias; demoted_weak_alias_match,Axe Snake Peel
azteca,azteca,Azteca,unmatched,no_match,complete,low,unmatched_source_alias; demoted_weak_alias_match,Azteca
backgammonxxl,backgammon xxl,Backgammon XXL,unmatched,no_match,complete,low,unmatched_source_alias; demoted_weak_alias_match,Backgammon XXL
bacuda,bacuda,Bacuda,unmatched,no_match,complete,low,unmatched_source_alias; demoted_weak_alias_match,Bacuda
baggersimulator,bagger simulator,Bagger Simulator,unmatched,no_match,complete,low,unmatched_source_alias; demoted_weak_alias_match,Bagger Simulator
baldursgatecompilation,baldur s gate compilation,Baldur's Gate - Compilation,unmatched,no_match,complete,low,unmatched_source_alias; demoted_weak_alias_match,Baldur's Gate - Compilation
baldursgate2schattenvonamn,baldur s gate 2 schatten von amn,Baldur's Gate 2 - Schatten von Amn,unmatched,no_match,complete,low,unmatched_source_alias; demoted_weak_alias_match,Baldur's Gate 2 - Schatten von Amn
baldursgate2throndesbhaal,baldur s gate 2 thron des bhaal,Baldur's Gate 2 - Thron des Bhaal,unmatched,no_match,complete,low,unmatched_source_alias; demoted_weak_alias_match,Baldur's Gate 2 - Thron des Bhaal
baldursgate,baldurs gate,Baldurs Gate,unmatched,no_match,complete,low,unmatched_source_alias; demoted_weak_alias_match,Baldurs Gate; Baldur's Gate
ballerburg,ballerburg,Ballerburg,unmatched,no_match,complete,low,unmatched_source_alias; demoted_weak_alias_match,Ballerburg
ballermannheybaby,ballermann hey baby,Ballermann Hey Baby,unmatched,no_match,complete,low,unmatched_source_alias; demoted_weak_alias_match,Ballermann Hey Baby
bananasjourney,bananas journey,Bananas Journey,unmatched,no_match,complete,low,unmatched_source_alias; demoted_weak_alias_match,Bananas Journey
banggunshipelite,bang gunship elite,Bang! Gunship Elite,unmatched,no_match,complete,low,unmatched_source_alias; demoted_weak_alias_match,Bang! Gunship Elite
baphometsfluchderengeldestodes,baphomets fluch der engeldes todes,Baphomets Fluch Der Engeldes Todes,unmatched,no_match,complete,low,unmatched_source_alias; demoted_weak_alias_match,Baphomets Fluch Der Engeldes Todesv; Baphomets Fluch Der Engeldes Todes; Baphotmets Fluch Der Engeldes Todes
barrowhillderfluchderkelten,barrow hill der fluchder kelten,Barrow Hill Der Fluchder Kelten,unmatched,no_match,complete,low,unmatched_source_alias; demoted_weak_alias_match,Barrow Hill Der Fluchder Kelten
battlelord,battle lord,Battle Lord,unmatched,no_match,complete,low,unmatched_source_alias; demoted_weak_alias_match,Battle Lord
battlemages,battle mages,Battle Mages,unmatched,no_match,complete,low,unmatched_source_alias; demoted_weak_alias_match,Battle Mages
battlerealms,battle realms,Battle Realms,unmatched,no_match,complete,low,unmatched_source_alias; demoted_weak_alias_match,Battle Realms
battlecruisermillenium,battlecruiser millenium,Battlecruiser Millenium,unmatched,no_match,complete,low,unmatched_source_alias; demoted_weak_alias_match,Battlecruiser Millenium
battlefield,battlefield,Battlefield,unmatched,no_match,complete,low,unmatched_source_alias; demoted_weak_alias_match,Battlefieldv; Battlefield
battlefield2,battlefield 2,Battlefield 2,unmatched,no_match,complete,low,unmatched_source_alias; demoted_weak_alias_match,Battlefield 2; Battlefield 2 v 1 12; Battlefield 2 v 1
battlefield2specialforces,battlefield 2 special forces,Battlefield 2 Special Forces,unmatched,no_match,complete,low,unmatched_source_alias; demoted_weak_alias_match,Battlefield 2 Special Forces
battlefield2142,battlefield 2142,Battlefield 2142,unmatched,no_match,complete,low,unmatched_source_alias; demoted_weak_alias_match,Battlefield 2142; Battlefield 2142 v 1
battlefieldnorthernstrike,battlefield northern strike,Battlefield Northern Strike,unmatched,no_match,complete,low,unmatched_source_alias; demoted_weak_alias_match,Battlefield Northern Strike
battlestationpacific,battlestation pacific,Battlestation Pacific,unmatched,no_match,complete,low,unmatched_source_alias; demoted_weak_alias_match,Battlestation Pacific
battlestationsmidway,battlestations midway,Battlestations Midway,unmatched,no_match,complete,low,unmatched_source_alias; demoted_weak_alias_match,Battlestations Midway; Battlestations Midwayv
beachkingstuntraser,beach king stunt raser,Beach King Stunt Raser,unmatched,no_match,complete,low,unmatched_source_alias; demoted_weak_alias_match,Beach King Stunt Raser
beemovie,bee movie,Bee Movie,unmatched,no_match,complete,low,unmatched_source_alias; demoted_weak_alias_match,Bee Movie
beliefbetrayaldasmedaillondesjudas,belief betrayal das medaillondes judas,Belief Betrayal Das Medaillondes Judas,unmatched,no_match,complete,low,unmatched_source_alias; demoted_weak_alias_match,Belief Betrayal Das Medaillondes Judas
beyondgoodevil,beyond good evil,Beyond Good Evil,unmatched,no_match,complete,low,unmatched_source_alias; demoted_weak_alias_match,Beyond Good Evil
bigmuthatruckerstruckmeharder,big mutha truckers truck me harder,Big Mutha Truckers Truck Me Harder,unmatched,no_match,complete,low,unmatched_source_alias; demoted_weak_alias_match,Big Mutha Truckers Truck Me Harder
bikeflyter,bike flyter,Bike Flyter,unmatched,no_match,complete,low,unmatched_source_alias; demoted_weak_alias_match,Bike Flyter
billardgl,billard gl,Billard GL,unmatched,no_match,complete,low,unmatched_source_alias; demoted_weak_alias_match,Billard GL
bioncleheroes,bioncle heroes,Bioncle Heroes,unmatched,no_match,complete,low,unmatched_source_alias; demoted_weak_alias_match,Bioncle Heroes
birthofamerica,birth of america,Birth of America,unmatched,no_match,complete,low,unmatched_source_alias; demoted_weak_alias_match,Birth of America; Birthof America
blackmirrorderdunklespiegelderseele,black mirror derdunkle spiegelder seele,Black Mirror Derdunkle Spiegelder Seele,unmatched,no_match,complete,low,unmatched_source_alias; demoted_weak_alias_match,Black Mirror Derdunkle Spiegelder Seele
blackpenguin,black penguin,Black Penguin,unmatched,no_match,complete,low,unmatched_source_alias; demoted_weak_alias_match,Black Penguin
blackwhite,black white,Black White,unmatched,no_match,complete,low,unmatched_source_alias; demoted_weak_alias_match,Black White
blackandwhite2,black and white 2,Black and White 2,unmatched,no_match,complete,low,unmatched_source_alias; demoted_weak_alias_match,Black and White 2
blacksitearea,blacksite area,Blacksite Area,unmatched,no_match,complete,low,unmatched_source_alias; demoted_weak_alias_match,Blacksite Area
blazingangelssecretmissionsofworldwarii,blazing angels secret missionsof world war ii,Blazing Angels Secret Missionsof World War II,unmatched,no_match,complete,low,unmatched_source_alias; demoted_weak_alias_match,Blazing Angels Secret Missionsof World War II
blazingangelssquadronsofww,blazing angels squadronsof ww,Blazing Angels Squadronsof WW,unmatched,no_match,complete,low,unmatched_source_alias; demoted_weak_alias_match,Blazing Angels Squadronsof WW
blazingtrails,blazing trails,Blazing Trails,unmatched,no_match,complete,low,unmatched_source_alias; demoted_weak_alias_match,Blazing Trails
blitzkrieg2,blitzkrieg 2,Blitzkrieg 2,unmatched,no_match,complete,low,unmatched_source_alias; demoted_weak_alias_match,Blitzkrieg 2 v 1; Blitzkrieg 2 v; Blitzkrieg 2
blitzkriegrollingthunder,blitzkrieg rolling thunder,Blitzkrieg Rolling Thunder,unmatched,no_match,complete,low,unmatched_source_alias; demoted_weak_alias_match,Blitzkrieg Rolling Thunder
blobs,blobs,Blobs,unmatched,no_match,complete,low,unmatched_source_alias; demoted_weak_alias_match,Blobs
bloodmoon,bloodmoon,Bloodmoon,unmatched,no_match,complete,low,unmatched_source_alias; demoted_weak_alias_match,Bloodmoon
boilingpoint,boiling point,Boiling Point,unmatched,no_match,complete,low,unmatched_source_alias; demoted_weak_alias_match,Boiling Point
boilingpointroadtohell,boiling point road to hell,Boiling Point Road to Hell,unmatched,no_match,complete,low,unmatched_source_alias; demoted_weak_alias_match,Boiling Point Roadto Hell; Boiling Point Road to Hell
bombermanactzero,bomberman act zero,Bomberman Act Zero,unmatched,no_match,complete,low,unmatched_source_alias; demoted_weak_alias_match,Bomberman Act Zero
boogie,boogie,Boogie,unmatched,no_match,complete,low,unmatched_source_alias; demoted_weak_alias_match,Boogie
bookofunwrittentales,bookof unwritten tales,Bookof Unwritten Tales,unmatched,no_match,complete,low,unmatched_source_alias; demoted_weak_alias_match,Bookof Unwritten Tales
bounci,bounci,Bounci,unmatched,no_match,complete,low,unmatched_source_alias; demoted_weak_alias_match,Bounci
bouncilevelcreator2,bounci level creator 2,Bounci Level Creator 2,unmatched,no_match,complete,low,unmatched_source_alias; demoted_weak_alias_match,Bounci Level Creator 2; Bounci Level Creator2
bouncixdream,bounci x dream,Bounci x Dream,unmatched,no_match,complete,low,unmatched_source_alias; demoted_weak_alias_match,Bounci x Dream; Bouncix Dream
bountybayonline,bounty bay online,Bounty Bay Online,unmatched,no_match,complete,low,unmatched_source_alias; demoted_weak_alias_match,Bounty Bay Online; Bounty Bay online
boxsportmanager,boxsport manager,Boxsport Manager,unmatched,no_match,complete,low,unmatched_source_alias; demoted_weak_alias_match,Boxsport Manager
breakball,breakball,Breakball,unmatched,no_match,complete,low,unmatched_source_alias; demoted_weak_alias_match,Breakball
breed,breed,Breed,unmatched,no_match,complete,low,unmatched_source_alias; demoted_weak_alias_match,Breed
breedpreloaded,breed pre loaded,Breed Pre Loaded,unmatched,no_match,complete,low,unmatched_source_alias; demoted_weak_alias_match,Breed Pre Loaded
bricksfromabove,bricks from above,Bricks from above,unmatched,no_match,complete,low,unmatched_source_alias; demoted_weak_alias_match,Bricks from above
bridgebuilder,bridge builder,Bridge Builder,unmatched,no_match,complete,low,unmatched_source_alias; demoted_weak_alias_match,Bridge Builder
brothersinarmshellshighway,brothersin arms hells highway,Brothersin Arms Hells Highway,unmatched,no_match,complete,low,unmatched_source_alias; demoted_weak_alias_match,Brothersin Arms Hells Highway
brunodasspiel,bruno das spiel,Bruno Das Spiel,unmatched,no_match,complete,low,unmatched_source_alias; demoted_weak_alias_match,Bruno Das Spiel
bubbleball,bubble ball,Bubble Ball,unmatched,no_match,complete,low,unmatched_source_alias; demoted_weak_alias_match,Bubble Ball
bubbleescape,bubble escape,Bubble Escape,unmatched,no_match,complete,low,unmatched_source_alias; demoted_weak_alias_match,Bubble Escape
bubbleghost,bubble ghost,Bubble Ghost,unmatched,no_match,complete,low,unmatched_source_alias; demoted_weak_alias_match,Bubble Ghost
bufostorch,bufo storch,Bufo Storch,unmatched,no_match,complete,low,unmatched_source_alias; demoted_weak_alias_match,Bufo Storch
burgermania,burger mania,Burger Mania,unmatched,no_match,complete,low,unmatched_source_alias; demoted_weak_alias_match,Burger Mania
burnoutparadisetheultimatebox,burnout paradise the ultimate box,Burnout Paradise The Ultimate Box,unmatched,no_match,complete,low,unmatched_source_alias; demoted_weak_alias_match,Burnout Paradise The Ultimate Box
burnoutrevenge,burnout revenge,Burnout Revenge,unmatched,no_match,complete,low,unmatched_source_alias; demoted_weak_alias_match,Burnout Revenge
chatroom,chat room,CHAT ROOM,unmatched,no_match,complete,low,unmatched_source_alias; demoted_weak_alias_match,CHAT ROOM
csieindeutigebeweise,csi eindeutige beweise,CSI Eindeutige Beweise,unmatched,no_match,complete,low,unmatched_source_alias; demoted_weak_alias_match,CSI Eindeutige Beweise; CSIEindeutige Beweise
caesar,caesar,Caesar,unmatched,no_match,complete,low,unmatched_source_alias; demoted_weak_alias_match,Caesar
callofduty4modernwarfare,call of duty 4 modern warfare,Call of Duty 4 - Modern Warfare,unmatched,no_match,complete,low,unmatched_source_alias; demoted_weak_alias_match,Callof Duty4 Modern Warfarev16; Call of Duty 4 - Modern Warfare
campus,campus,Campus,unmatched,no_match,complete,low,unmatched_source_alias; demoted_weak_alias_match,Campus
cannonhill,cannon hill,Cannon Hill,unmatched,no_match,complete,low,unmatched_source_alias; demoted_weak_alias_match,Cannon Hill
captaindeltaunddiequellevonargos,captain delta und die quelle von argos,Captain Delta und die Quelle von Argos,unmatched,no_match,complete,low,unmatched_source_alias; demoted_weak_alias_match,Captain Delta und die Quelle von Argos; Captain Deltaunddie Quellevon Argos
carpetgolfvr,carpet golf vr,Carpet Golf VR,unmatched,no_match,complete,low,unmatched_source_alias; demoted_weak_alias_match,Carpet Golf VR
carsautoswiewir,cars autoswiewir,Cars Autoswiewir,unmatched,no_match,complete,low,unmatched_source_alias; demoted_weak_alias_match,Cars Autoswiewir
castlefight,castle fight,Castle Fight,unmatched,no_match,complete,low,unmatched_source_alias; demoted_weak_alias_match,Castle Fight
castlestrike,castle strike,Castle Strike,unmatched,no_match,complete,low,unmatched_source_alias; demoted_weak_alias_match,Castle Strike
castrolhondasuperbike,castrol honda super bike,Castrol Honda Super Bike,unmatched,no_match,complete,low,unmatched_source_alias; demoted_weak_alias_match,Castrol Honda Super Bike
catapults,catapults,Catapults,unmatched,no_match,complete,low,unmatched_source_alias; demoted_weak_alias_match,Catapults
catchem,catch em,Catch 'em,unmatched,no_match,complete,low,unmatched_source_alias; demoted_weak_alias_match,Catch 'em; Catchem
ceville,ceville,Ceville,unmatched,no_match,complete,low,unmatched_source_alias; demoted_weak_alias_match,Ceville
championsheeprally,championsheep rally,Championsheep Rally,unmatched,no_match,complete,low,unmatched_source_alias; demoted_weak_alias_match,Championsheep Rally
chaosleaguesuddendeath,chaos league sudden death,Chaos League Sudden Death,unmatched,no_match,complete,low,unmatched_source_alias; demoted_weak_alias_match,Chaos League Sudden Death v 2; Chaos League Sudden Death
chaosspace2,chaos space 2,Chaos Space 2,unmatched,no_match,complete,low,unmatched_source_alias; demoted_weak_alias_match,Chaos Space 2
chickeninvaders,chicken invaders,Chicken Invaders,unmatched,no_match,complete,low,unmatched_source_alias; demoted_weak_alias_match,Chicken Invaders
chickenshoot,chicken shoot,Chicken Shoot,unmatched,no_match,complete,low,unmatched_source_alias; demoted_weak_alias_match,Chicken Shoot
chickenshoot2,chicken shoot 2,Chicken Shoot 2,unmatched,no_match,complete,low,unmatched_source_alias; demoted_weak_alias_match,Chicken Shoot 2
childrenofthenile,children of the nile,Children of the Nile,unmatched,no_match,complete,low,unmatched_source_alias; demoted_weak_alias_match,Children of the Nile
christmasbound,christmas bound,Christmas Bound,unmatched,no_match,complete,low,unmatched_source_alias; demoted_weak_alias_match,Christmas Bound
chromespecforce,chrome specforce,Chrome Specforce,unmatched,no_match,complete,low,unmatched_source_alias; demoted_weak_alias_match,Chrome Specforce
chromehounds,chromehounds,Chromehounds,unmatched,no_match,complete,low,unmatched_source_alias; demoted_weak_alias_match,Chromehounds
chromiumbsu,chromium bsu,Chromium BSU,unmatched,no_match,complete,low,unmatched_source_alias; demoted_weak_alias_match,Chromium BSU
chroniclesofspellborn,chronicles of spellborn,Chronicles of Spellborn,unmatched,no_match,complete,low,unmatched_source_alias; demoted_weak_alias_match,Chronicles of Spellborn
citylife,city life,City Life,unmatched,no_match,complete,low,unmatched_source_alias; demoted_weak_alias_match,City Life
citylifeedition,city life edition,City Life Edition,unmatched,no_match,complete,low,unmatched_source_alias; demoted_weak_alias_match,City Life Edition
citymining,city mining,City Mining,unmatched,no_match,complete,low,unmatched_source_alias; demoted_weak_alias_match,City Mining
cityofvillains,city of villains,City of Villains,unmatched,no_match,complete,low,unmatched_source_alias; demoted_weak_alias_match,City of Villains
civilization4,civilization 4,Civilization 4,unmatched,no_match,complete,low,unmatched_source_alias; demoted_weak_alias_match,Civilization 4; Civilization 4 v
clever,clever,Clever,unmatched,no_match,complete,low,unmatched_source_alias; demoted_weak_alias_match,Clever
clickclackxl,click clack xl,Click Clack XL,unmatched,no_match,complete,low,unmatched_source_alias; demoted_weak_alias_match,Click Clack XL
clickomania,clickomania,Clickomania,unmatched,no_match,complete,low,unmatched_source_alias; demoted_weak_alias_match,Clickomania
codenamepanzers2,codename panzers 2,Codename Panzers 2,unmatched,no_match,complete,low,unmatched_source_alias; demoted_weak_alias_match,Codename Panzers 2 v 1
coldzerothelaststand,cold zero the last stand,Cold Zero The Last Stand,unmatched,no_match,complete,low,unmatched_source_alias; demoted_weak_alias_match,Cold Zero The Last Stand
combatwingsbattleofbritain,combat wings battleof britain,Combat Wings Battleof Britain,unmatched,no_match,complete,low,unmatched_source_alias; demoted_weak_alias_match,Combat Wings Battleof Britain
commandandconquer3tiberiumwarskaneedition,command and conquer 3 tiberium wars kane edition,Command & Conquer 3 Tiberium Wars Kane Edition,unmatched,no_match,complete,low,unmatched_source_alias; demoted_weak_alias_match,Command & Conquer 3 Tiberium Wars Kane Edition
commandandconquer3tiberiumwarsstandardedition,command and conquer 3 tiberium wars standard edition,Command & Conquer 3 Tiberium Wars Standard Edition,unmatched,no_match,complete,low,unmatched_source_alias; demoted_weak_alias_match,Command & Conquer 3 Tiberium Wars Standard Edition
companyofheroes,companyof heroes,Companyof Heroes,unmatched,no_match,complete,low,unmatched_source_alias; demoted_weak_alias_match,Companyof Heroesv; Companyof Heroes; Companyof Heroesv170
coogles,coogles,Coogles,unmatched,no_match,complete,low,unmatched_source_alias; demoted_weak_alias_match,Coogles
cossacksbattleforeurope,cossacks battlefor europe,Cossacks Battlefor Europe,unmatched,no_match,complete,low,unmatched_source_alias; demoted_weak_alias_match,Cossacks Battlefor Europe; Cossacks Battlefor Europev
crazykickersxs,crazy kickers xs,Crazy Kickers XS,unmatched,no_match,complete,low,unmatched_source_alias; demoted_weak_alias_match,Crazy Kickers XS
crazysymbolsudoku,crazy symbol sudoku,Crazy Symbol Sudoku,unmatched,no_match,complete,low,unmatched_source_alias; demoted_weak_alias_match,Crazy Symbol Sudoku
crillion,crillion,Crillion,unmatched,no_match,complete,low,unmatched_source_alias; demoted_weak_alias_match,Crillion
crystalracer,crystal racer,Crystal Racer,unmatched,no_match,complete,low,unmatched_source_alias; demoted_weak_alias_match,Crystal Racer
damexxl,dame xxl,Dame XXL,unmatched,no_match,complete,low,unmatched_source_alias; demoted_weak_alias_match,Dame XXL
darkquiz,dark quiz,Dark Quiz,unmatched,no_match,complete,low,unmatched_source_alias; demoted_weak_alias_match,Dark Quiz
darkstaronev,darkstar onev,Darkstar Onev,unmatched,no_match,complete,low,unmatched_source_alias; demoted_weak_alias_match,Darkstar Onev
dasausbildungscamp,das ausbildungscamp,Das Ausbildungscamp,unmatched,no_match,complete,low,unmatched_source_alias; demoted_weak_alias_match,Das Ausbildungscamp
dasbergwerk,das bergwerk,Das Bergwerk,unmatched,no_match,complete,low,unmatched_source_alias; demoted_weak_alias_match,Das Bergwerk
dasgeheimlabor,das geheimlabor,Das Geheimlabor,unmatched,no_match,complete,low,unmatched_source_alias; demoted_weak_alias_match,Das Geheimlabor
dashafenviertel,das hafenviertel,Das Hafenviertel,unmatched,no_match,complete,low,unmatched_source_alias; demoted_weak_alias_match,Das Hafenviertel
daschinesischeviertel,das chinesische viertel,Das chinesische Viertel,unmatched,no_match,complete,low,unmatched_source_alias; demoted_weak_alias_match,Das chinesische Viertel
dashlicheentlein,dashliche entlein,Dashliche Entlein,unmatched,no_match,complete,low,unmatched_source_alias; demoted_weak_alias_match,Dashliche Entlein
dawnofmagic,dawnof magic,Dawnof Magic,unmatched,no_match,complete,low,unmatched_source_alias; demoted_weak_alias_match,Dawnof Magic
deadlyweaponz,deadly weaponz,Deadly Weaponz,unmatched,no_match,complete,low,unmatched_source_alias; demoted_weak_alias_match,Deadly Weaponz
deadoralive,deador alive,Deador Alive,unmatched,no_match,complete,low,unmatched_source_alias; demoted_weak_alias_match,Deador Alive
derfluchderzwerge1,der fluch der zwerge 1,Der Fluch der Zwerge 1,unmatched,no_match,complete,low,unmatched_source_alias; demoted_weak_alias_match,Der Fluch der Zwerge 1
derfluchdesgoldesxs,der fluch des goldes xs,Der Fluch des Goldes XS,unmatched,no_match,complete,low,unmatched_source_alias; demoted_weak_alias_match,Der Fluch des Goldes XS
derherrderringedieschlachtummittelerde,der herrder ringe die schlachtum mittelerde,Der Herrder Ringe Die Schlachtum Mittelerde,unmatched,no_match,complete,low,unmatched_source_alias; demoted_weak_alias_match,Der Herrder Ringe Die Schlachtum Mittelerde; Der Herrder Ringe Die Schlachtum Mittelerdev
derherrderringeonline,der herrder ringe online,Der Herrder Ringe Online,unmatched,no_match,complete,low,unmatched_source_alias; demoted_weak_alias_match,Der Herrder Ringe Online
derherrderringeonlinedieschattenvonangmar,der herrder ringe online die schattenvon angmar,Der Herrder Ringe Online Die Schattenvon Angmar,unmatched,no_match,complete,low,unmatched_source_alias; demoted_weak_alias_match,Der Herrder Ringe Online Die Schattenvon Angmar
derhobbit,der hobbit,Der Hobbit,unmatched,no_match,complete,low,unmatched_source_alias; demoted_weak_alias_match,Der Hobbit v 1
derindustriegigant,der industriegigant,Der Industriegigant,unmatched,no_match,complete,low,unmatched_source_alias; demoted_weak_alias_match,Der Industriegigant
derpate,der pate,Der Pate,unmatched,no_match,complete,low,unmatched_source_alias; demoted_weak_alias_match,Der Pate
dertrakt,der trakt,Der Trakt,unmatched,no_match,complete,low,unmatched_source_alias; demoted_weak_alias_match,Der Trakt
derwohnwagen,der wohnwagen,Der Wohnwagen,unmatched,no_match,complete,low,unmatched_source_alias; demoted_weak_alias_match,Der Wohnwagen
desperados2coopersrevenge,desperados 2 cooper s revenge,Desperados 2 - Cooper's Revenge,unmatched,no_match,complete,low,unmatched_source_alias; demoted_weak_alias_match,Desperados 2 - Cooper's Revenge; Desperados Coopers Revenge; Desperados Coopers Revengev
destroyallhumans,destroy all humans,Destroy All Humans,unmatched,no_match,complete,low,unmatched_source_alias; demoted_weak_alias_match,Destroy All Humans
deutschlandsingtonline,deutschland singt online,Deutschland Singt Online,unmatched,no_match,complete,low,unmatched_source_alias; demoted_weak_alias_match,Deutschland Singt Online
devilkings,devil kings,Devil Kings,unmatched,no_match,complete,low,unmatched_source_alias; demoted_weak_alias_match,Devil Kings
devilmaycry,devil may cry,Devil May Cry,unmatched,no_match,complete,low,unmatched_source_alias; demoted_weak_alias_match,Devil May Cry
devilmaycry3,devil may cry 3,Devil May Cry 3,unmatched,no_match,complete,low,unmatched_source_alias; demoted_weak_alias_match,Devil May Cry 3
diablospezial,diablo spezial,Diablo Spezial,unmatched,no_match,complete,low,unmatched_source_alias; demoted_weak_alias_match,Diablo Spezial
diamantenfee,diamantenfee,Diamantenfee,unmatched,no_match,complete,low,unmatched_source_alias; demoted_weak_alias_match,Diamantenfee
diamantenfee2,diamantenfee 2,Diamantenfee 2,unmatched,no_match,complete,low,unmatched_source_alias; demoted_weak_alias_match,Diamantenfee 2
diebienemajafliegmajaflieg,die biene maja flieg majaflieg,Die Biene Maja Flieg Majaflieg,unmatched,no_match,complete,low,unmatched_source_alias; demoted_weak_alias_match,Die Biene Maja Flieg Majaflieg
diechronikenvonnarnia,die chroniken von narnia,Die Chroniken von Narnia,unmatched,no_match,complete,low,unmatched_source_alias; demoted_weak_alias_match,Die Chroniken von Narnia
diegilde,die gilde,Die Gilde,unmatched,no_match,complete,low,unmatched_source_alias; demoted_weak_alias_match,Die Gilde
diegilde2,die gilde 2,Die Gilde 2,unmatched,no_match,complete,low,unmatched_source_alias; demoted_weak_alias_match,Die Gilde 2 v 1; Die Gilde 2
diegilde2venedig,die gilde 2 venedig,Die Gilde 2 - Venedig,unmatched,no_match,complete,low,unmatched_source_alias; demoted_weak_alias_match,Die Gilde 2 - Venedig v 3
diegildeseeruberderhanse,die gilde seeruberder hanse,Die Gilde Seeruberder Hanse,unmatched,no_match,complete,low,unmatched_source_alias; demoted_weak_alias_match,Die Gilde Seeruberder Hanse
diehazienda,die hazienda,Die Hazienda,unmatched,no_match,complete,low,unmatched_source_alias; demoted_weak_alias_match,Die Hazienda
diekieselsteiner,die kieselsteiner,Die Kieselsteiner,unmatched,no_match,complete,low,unmatched_source_alias; demoted_weak_alias_match,Die Kieselsteiner
diekunstdesmordensgeheimaktefbi,die kunst des mordens geheimakte fbi,Die Kunst des Mordens Geheimakte FBI,unmatched,no_match,complete,low,unmatched_source_alias; demoted_weak_alias_match,Die Kunst des Mordens Geheimakte FBI; Die Kunstdes Mordens Geheimakte FBI
dielemuren,die lemuren,Die Lemuren,unmatched,no_match,complete,low,unmatched_source_alias; demoted_weak_alias_match,Die Lemuren
diemetrostation,die metrostation,Die Metrostation,unmatched,no_match,complete,low,unmatched_source_alias; demoted_weak_alias_match,Die Metrostation
dierachedersith,die rache der sith,Die Rache der Sith,unmatched,no_match,complete,low,unmatched_source_alias; demoted_weak_alias_match,Die Rache der Sith
diermer,die rmer,Die Rmer,unmatched,no_match,complete,low,unmatched_source_alias; demoted_weak_alias_match,Die Rmer
dieschalendeszorns,die schalendes zorns,Die Schalendes Zorns,unmatched,no_match,complete,low,unmatched_source_alias; demoted_weak_alias_match,Die Schalendes Zorns
dieschlachtummittelerde,die schlacht um mittelerde,Die Schlacht um Mittelerde,unmatched,no_match,complete,low,unmatched_source_alias; demoted_weak_alias_match,Die Schlacht um Mittelerde
dieschlachtummittelerde2,die schlacht um mittelerde 2,Die Schlacht um Mittelerde 2,unmatched,no_match,complete,low,unmatched_source_alias; demoted_weak_alias_match,Die Schlacht um Mittelerde 2
diesiedler,die siedler,Die Siedler,unmatched,no_match,complete,low,unmatched_source_alias; demoted_weak_alias_match,Die Siedler; Die Siedlerv
diesiedler4,die siedler 4,Die Siedler 4,unmatched,no_match,complete,low,unmatched_source_alias; demoted_weak_alias_match,Die Siedler 4
diesiedler6aufstiegeinesknigreichs,die siedler 6 aufstieg eines konigreichs,Die Siedler 6: Aufstieg eines Königreichs,unmatched,no_match,complete,low,unmatched_source_alias; demoted_weak_alias_match,Die Siedler6 Aufstiegeines Knigreichsv15; Die Siedler Aufstiegeines Knigreichs; Die Siedler Aufstiegeines Knigreichsv11
diesiedleraufbruchderkulturen,die siedler aufbruch der kulturen,Die Siedler Aufbruch der Kulturen,unmatched,no_match,complete,low,unmatched_source_alias; demoted_weak_alias_match,Die Siedler Aufbruch der Kulturen
diesiedlerdienchstegeneration,die siedler dienchste generation,Die Siedler Dienchste Generation,unmatched,no_match,complete,low,unmatched_source_alias; demoted_weak_alias_match,Die Siedler Dienchste Generationv; Die Siedler Dienchste Generation
diesiedlerhonigfrdenknig,die siedler honigfrden knig,Die Siedler Honigfrden Knig,unmatched,no_match,complete,low,unmatched_source_alias; demoted_weak_alias_match,Die Siedler Honigfrden Knig
diesims2,die sims 2,Die Sims 2,unmatched,no_match,complete,low,unmatched_source_alias; demoted_weak_alias_match,Die Sims 2 v 1 0 0; Die Sims 2 v; Die Sims 2 v 1 000
diesims2gutereise,die sims 2 gute reise,Die Sims 2 Gute Reise,unmatched,no_match,complete,low,unmatched_source_alias; demoted_weak_alias_match,Die Sims 2 Gute Reise v 1 10 0; Die Sims2 Gute Reisev1100122
diesims2jahreszeiten,die sims 2 jahreszeiten,Die Sims 2 Jahreszeiten,unmatched,no_match,complete,low,unmatched_source_alias; demoted_weak_alias_match,Die Sims 2 Jahreszeiten v 1 7 0
diesims2openforbusiness,die sims 2 open for business,Die Sims 2 Open for Business,unmatched,no_match,complete,low,unmatched_source_alias; demoted_weak_alias_match,Die Sims 2 Open for Business
diesims2wildecampusj,die sims 2 wilde campus j,Die Sims 2 Wilde Campus J,unmatched,no_match,complete,low,unmatched_source_alias; demoted_weak_alias_match,Die Sims 2 Wilde Campus J
diesimsersteschritte,die sims erste schritte,Die Sims Erste Schritte,unmatched,no_match,complete,low,unmatched_source_alias; demoted_weak_alias_match,Die Sims Erste Schritte
diesimshaustiere,die sims haustiere,Die Sims Haustiere,unmatched,no_match,complete,low,unmatched_source_alias; demoted_weak_alias_match,Die Sims Haustierev; Die Sims Haustiere
diesimslebensgeschichten,die sims lebensgeschichten,Die Sims Lebensgeschichten,unmatched,no_match,complete,low,unmatched_source_alias; demoted_weak_alias_match,Die Sims Lebensgeschichten
diesimsvierjahreszeiten,die sims vier jahreszeiten,Die Sims Vier Jahreszeiten,unmatched,no_match,complete,low,unmatched_source_alias; demoted_weak_alias_match,Die Sims Vier Jahreszeiten
diespedition,die spedition,Die Spedition,unmatched,no_match,complete,low,unmatched_source_alias; demoted_weak_alias_match,Die Spedition
dieteppichklinik,die teppichklinik,Die Teppichklinik,unmatched,no_match,complete,low,unmatched_source_alias; demoted_weak_alias_match,Die Teppichklinik
dieunglaublichen,die unglaublichen,Die Unglaublichen,unmatched,no_match,complete,low,unmatched_source_alias; demoted_weak_alias_match,Die Unglaublichen
diedreimusketiere,die drei musketiere,Die drei Musketiere,unmatched,no_match,complete,low,unmatched_source_alias; demoted_weak_alias_match,Die drei Musketiere
dinoisland,dino island,Dino Island,unmatched,no_match,complete,low,unmatched_source_alias; demoted_weak_alias_match,Dino Island
dirtysplit,dirty split,Dirty Split,unmatched,no_match,complete,low,unmatched_source_alias; demoted_weak_alias_match,Dirty Split
divinedivinity,divine divinity,Divine Divinity,unmatched,no_match,complete,low,unmatched_source_alias; demoted_weak_alias_match,Divine Divinity
doggleberry,doggleberry,Doggleberry,unmatched,no_match,complete,low,unmatched_source_alias; demoted_weak_alias_match,Doggleberry
dontangry2,dont angry 2,Dont Angry 2,unmatched,no_match,complete,low,unmatched_source_alias; demoted_weak_alias_match,Dont Angry 2
doogleberry,doogle berry,Doogle Berry,unmatched,no_match,complete,low,unmatched_source_alias; demoted_weak_alias_match,Doogle Berry
doublecrossfire,double crossfire,Double Crossfire,unmatched,no_match,complete,low,unmatched_source_alias; demoted_weak_alias_match,Double Crossfire
dove,dove,Dove,unmatched,no_match,complete,low,unmatched_source_alias; demoted_weak_alias_match,Dove
doxan,doxan,Doxan,unmatched,no_match,complete,low,unmatched_source_alias; demoted_weak_alias_match,Doxan
drhorst,dr horst,Dr Horst,unmatched,no_match,complete,low,unmatched_source_alias; demoted_weak_alias_match,Dr Horst
draculaorigin,dracula origin,Dracula Origin,unmatched,no_match,complete,low,unmatched_source_alias; demoted_weak_alias_match,Dracula Origin
draculatwins,dracula twins,Dracula Twins,unmatched,no_match,complete,low,unmatched_source_alias; demoted_weak_alias_match,Dracula Twins
dragonshard,dragonshard,Dragonshard,unmatched,no_match,complete,low,unmatched_source_alias; demoted_weak_alias_match,Dragonshard; Dragonshardv; Dragonshard v 1 1
drakensang,drakensang,Drakensang,unmatched,no_match,complete,low,unmatched_source_alias; demoted_weak_alias_match,Drakensang
dreamcube,dreamcube,Dreamcube,unmatched,no_match,complete,low,unmatched_source_alias; demoted_weak_alias_match,Dreamcube
dreamfallthelongestjourney,dreamfall the longest journey,Dreamfall The Longest Journey,unmatched,no_match,complete,low,unmatched_source_alias; demoted_weak_alias_match,Dreamfall The Longest Journey
dreamlords,dreamlords,Dreamlords,unmatched,no_match,complete,low,unmatched_source_alias; demoted_weak_alias_match,Dreamlords
dreamlordsthereawakening,dreamlords the re awakening,Dreamlords - The Re Awakening,unmatched,no_match,complete,low,unmatched_source_alias; demoted_weak_alias_match,Dreamlords - The Re Awakening
drivingspeed2,driving speed 2,Driving Speed 2,unmatched,no_match,complete,low,unmatched_source_alias; demoted_weak_alias_match,Driving Speed 2; Driving Speed2
dungeonlords,dungeon lords,Dungeon Lords,unmatched,no_match,complete,low,unmatched_source_alias; demoted_weak_alias_match,Dungeon Lords
dungeonsiege,dungeon siege,Dungeon Siege,unmatched,no_match,complete,low,unmatched_source_alias; demoted_weak_alias_match,Dungeon Siege
dungeonsiege2,dungeon siege 2,Dungeon Siege 2,unmatched,no_match,complete,low,unmatched_source_alias; demoted_weak_alias_match,Dungeon Siege 2; Dungeon Siege 2 v 2
dungeonsdragonsonline,dungeons dragons online,Dungeons Dragons Online,unmatched,no_match,complete,low,unmatched_source_alias; demoted_weak_alias_match,Dungeons Dragons Online
erfahrungdisplay,erfahrung display,ERFAHRUNG display,unmatched,no_match,complete,low,unmatched_source_alias; demoted_weak_alias_match,ERFAHRUNG display
earthdefenseforce,earth defense force,Earth Defense Force,unmatched,no_match,complete,low,unmatched_source_alias; demoted_weak_alias_match,Earth Defense Force
ednabrichtaus,edna bricht aus,Edna bricht aus,unmatched,no_match,complete,low,unmatched_source_alias; demoted_weak_alias_match,Edna bricht aus; Ednabrichtaus
eisenbahnexeprofessional,eisenbahnexe professional,Eisenbahnexe Professional,unmatched,no_match,complete,low,unmatched_source_alias; demoted_weak_alias_match,Eisenbahnexe Professional
elcoromexiko,el coro mexiko,"El Coro, Mexiko",unmatched,no_match,complete,low,unmatched_source_alias; demoted_weak_alias_match,"El Coro, Mexiko"
elveon,elveon,Elveon,unmatched,no_match,complete,low,unmatched_source_alias; demoted_weak_alias_match,Elveon
emergency2,emergency 2,Emergency 2,unmatched,no_match,complete,low,unmatched_source_alias; demoted_weak_alias_match,Emergency 2
emergency3,emergency 3,Emergency 3,unmatched,no_match,complete,low,unmatched_source_alias; demoted_weak_alias_match,Emergency 3
emergencyglobalfightersforlife,emergency global fighters for life,Emergency Global Fighters For Life,unmatched,no_match,complete,low,unmatched_source_alias; demoted_weak_alias_match,Emergency Global Fightersfor Life; Emergency Global Fighters For Life
empireearth2,empire earth 2,Empire Earth 2,unmatched,no_match,complete,low,unmatched_source_alias; demoted_weak_alias_match,Empire Earth 2
empireearth3,empire earth 3,Empire Earth 3,unmatched,no_match,complete,low,unmatched_source_alias; demoted_weak_alias_match,Empire Earth 3; Empire Earth3
empiresdieneuzeit,empires die neuzeit,Empires Die Neuzeit,unmatched,no_match,complete,low,unmatched_source_alias; demoted_weak_alias_match,Empires Die Neuzeit
enchantedarms,enchanted arms,Enchanted Arms,unmatched,no_match,complete,low,unmatched_source_alias; demoted_weak_alias_match,Enchanted Arms
endwar,endwar,Endwar,unmatched,no_match,complete,low,unmatched_source_alias; demoted_weak_alias_match,Endwar
escapefromparadisecity,escapefrom paradise city,Escapefrom Paradise City,unmatched,no_match,complete,low,unmatched_source_alias; demoted_weak_alias_match,Escapefrom Paradise City
escullilallenguadel,esculli la llengua del,Esculli la llengua del,unmatched,no_match,complete,low,unmatched_source_alias; demoted_weak_alias_match,Esculli la llengua del
everlightelfenandiemacht,everlight elfen an die macht,Everlight Elfen an die Macht,unmatched,no_match,complete,low,unmatched_source_alias; demoted_weak_alias_match,Everlight Elfen an die Macht; Everlight Elfenandie Macht
everquest2b,everquest 2 b,Everquest 2 B,unmatched,no_match,complete,low,unmatched_source_alias; demoted_weak_alias_match,Everquest 2 B
facesofwarv,facesof warv,Facesof Warv,unmatched,no_match,complete,low,unmatched_source_alias; demoted_weak_alias_match,Facesof Warv
falcon40alliedforce,falcon 4 0 allied force,Falcon 4 0 Allied Force,unmatched,no_match,complete,low,unmatched_source_alias; demoted_weak_alias_match,Falcon 4 0 Allied Force v 1 0
fallobstarcade,fallobst arcade,Fallobst Arcade,unmatched,no_match,complete,low,unmatched_source_alias; demoted_weak_alias_match,Fallobst Arcade
farcryv,far cryv,Far Cryv,unmatched,no_match,complete,low,unmatched_source_alias; demoted_weak_alias_match,Far Cryv
fastlanecarnage,fast lane carnage,Fast Lane Carnage,unmatched,no_match,complete,low,unmatched_source_alias; demoted_weak_alias_match,Fast Lane Carnage
fessierumtauf,fessierumtauf,Fessierumtauf,unmatched,no_match,complete,low,unmatched_source_alias; demoted_weak_alias_match,Fessierumtauf
fettesauxs,fette sau xs,Fette Sau XS,unmatched,no_match,complete,low,unmatched_source_alias; demoted_weak_alias_match,Fette Sau XS
feyrunaderfeenwald,feyruna der feenwald,Feyruna Der Feenwald,unmatched,no_match,complete,low,unmatched_source_alias; demoted_weak_alias_match,Feyruna Der Feenwald
fiatpandafunracer,fiat panda fun racer,Fiat Panda Fun Racer,unmatched,no_match,complete,low,unmatched_source_alias; demoted_weak_alias_match,Fiat Panda Fun Racer
fliegenkiller,fliegenkiller,Fliegenkiller,unmatched,no_match,complete,low,unmatched_source_alias; demoted_weak_alias_match,Fliegenkiller
flottesbienchen,flottes bienchen,Flottes Bienchen,unmatched,no_match,complete,low,unmatched_source_alias; demoted_weak_alias_match,Flottes Bienchen
flugratten,flugratten,Flugratten,unmatched,no_match,complete,low,unmatched_source_alias; demoted_weak_alias_match,Flugratten
fragoria,fragoria,Fragoria,unmatched,no_match,complete,low,unmatched_source_alias; demoted_weak_alias_match,Fragoria
freeridetrash,freeride trash,Freeride Trash,unmatched,no_match,complete,low,unmatched_source_alias; demoted_weak_alias_match,Freeride Trash
fritz7se,fritz 7 se,Fritz 7 SE,unmatched,no_match,complete,low,unmatched_source_alias; demoted_weak_alias_match,Fritz 7 SE
fritz9se,fritz 9 se,Fritz 9 SE,unmatched,no_match,complete,low,unmatched_source_alias; demoted_weak_alias_match,Fritz 9 SE
froggit,froggit,Froggit,unmatched,no_match,complete,low,unmatched_source_alias; demoted_weak_alias_match,Froggit
froggycastlexs,froggy castle xs,Froggy Castle XS,unmatched,no_match,complete,low,unmatched_source_alias; demoted_weak_alias_match,Froggy Castle XS
frontlinefieldsofthunder,frontline fieldsof thunder,Frontline Fieldsof Thunder,unmatched,no_match,complete,low,unmatched_source_alias; demoted_weak_alias_match,Frontline Fieldsof Thunder
frontlinesfuelofwar,frontlines fuel of war,Frontlines: Fuel of War,unmatched,no_match,complete,low,unmatched_source_alias; demoted_weak_alias_match,Frontlines Fuelof War; Frontlines Fuelof Warv102; Frontlines Fuelof Warv110
fuballmanager,fuball manager,Fuball Manager,unmatched,no_match,complete,low,unmatched_source_alias; demoted_weak_alias_match,Fuball Manager; Fuball Managerv
funkflitzer,funk flitzer,Funk Flitzer,unmatched,no_match,complete,low,unmatched_source_alias; demoted_weak_alias_match,Funk Flitzer
fussballmanager08,fussball manager 08,Fußball Manager 08,unmatched,no_match,complete,low,unmatched_source_alias; demoted_weak_alias_match,Fußball Manager 08
fussballmanager09,fussball manager 09,Fußball Manager 09,unmatched,no_match,complete,low,unmatched_source_alias; demoted_weak_alias_match,Fußball Manager 09
fussballmanager2008,fussball manager 2008,Fußball Manager 2008,unmatched,no_match,complete,low,unmatched_source_alias; demoted_weak_alias_match,Fußball Manager 2008; Fußball Manager 2008 v 8 0
gtlegends,gt legends,GT Legends,unmatched,no_match,complete,low,unmatched_source_alias; demoted_weak_alias_match,GT Legends
gtasanandreas,gta san andreas,GTA San Andreas,unmatched,no_match,complete,low,unmatched_source_alias; demoted_weak_alias_match,GTA San Andreas v 1; GTA San Andreas
galacticassaultprisonerofpower,galactic assault prisonerof power,Galactic Assault Prisonerof Power,unmatched,no_match,complete,low,unmatched_source_alias; demoted_weak_alias_match,Galactic Assault Prisonerof Power
garrydieschmeifliege,garrydie schmeifliege,Garrydie Schmeifliege,unmatched,no_match,complete,low,unmatched_source_alias; demoted_weak_alias_match,Garrydie Schmeifliege
geniusmove,genius move,Genius Move,unmatched,no_match,complete,low,unmatched_source_alias; demoted_weak_alias_match,Genius Move
geniustaskforcebiologie,genius task force biologie,Genius Task Force Biologie,unmatched,no_match,complete,low,unmatched_source_alias; demoted_weak_alias_match,Genius Task Force Biologie
ghostreconadvancedtacticalcenter,ghost recon advanced tactical center,Ghost Recon Advanced Tactical Center,unmatched,no_match,complete,low,unmatched_source_alias; demoted_weak_alias_match,Ghost Recon Advanced Tactical Center
gniffel,gniffel,Gniffel,unmatched,no_match,complete,low,unmatched_source_alias; demoted_weak_alias_match,Gniffel
goaroundshowdown,go around showdown,Go Around Showdown,unmatched,no_match,complete,low,unmatched_source_alias; demoted_weak_alias_match,Go Around Showdown
godslandsofinfinity,gods landsof infinity,Gods Landsof Infinity,unmatched,no_match,complete,low,unmatched_source_alias; demoted_weak_alias_match,Gods Landsof Infinity
goldboxer,goldboxer,Goldboxer,unmatched,no_match,complete,low,unmatched_source_alias; demoted_weak_alias_match,Goldboxer
goldboxes,goldboxes,Goldboxes,unmatched,no_match,complete,low,unmatched_source_alias; demoted_weak_alias_match,Goldboxes
googletalk,googletalk,Googletalk,unmatched,no_match,complete,low,unmatched_source_alias; demoted_weak_alias_match,Googletalk
gooka,gooka,Gooka,unmatched,no_match,complete,low,unmatched_source_alias; demoted_weak_alias_match,Gooka
gotcha,gotcha,Gotcha!,unmatched,no_match,complete,low,unmatched_source_alias; demoted_weak_alias_match,Gotcha!
gothic,gothic,Gothic,unmatched,no_match,complete,low,unmatched_source_alias; demoted_weak_alias_match,Gothicv; Gothic
gothic3,gothic 3,Gothic 3,unmatched,no_match,complete,low,unmatched_source_alias; demoted_weak_alias_match,Gothic 3
gothic3gold,gothic 3 gold,Gothic 3 Gold,unmatched,no_match,complete,low,unmatched_source_alias; demoted_weak_alias_match,Gothic 3 Gold
grandagesrome,grand ages rome,Grand Ages - Rome,unmatched,no_match,complete,low,unmatched_source_alias; demoted_weak_alias_match,Grand Ages - Rome
grandtheftauto,grand theft auto,Grand Theft Auto,unmatched,no_match,complete,low,unmatched_source_alias; demoted_weak_alias_match,Grand Theft Auto
grandtheftauto4,grand theft auto 4,Grand Theft Auto 4,unmatched,no_match,complete,low,unmatched_source_alias; demoted_weak_alias_match,Grand Theft Auto 4 v 1
gratisaktion,gratisaktion,Gratisaktion,unmatched,no_match,complete,low,unmatched_source_alias; demoted_weak_alias_match,Gratisaktion
gravitygemsse,gravity gems se,Gravity Gems SE,unmatched,no_match,complete,low,unmatched_source_alias; demoted_weak_alias_match,Gravity Gems SE
groschengrab2,groschengrab 2,Groschengrab 2,unmatched,no_match,complete,low,unmatched_source_alias; demoted_weak_alias_match,Groschengrab 2
groundcontrol,ground control,Ground Control,unmatched,no_match,complete,low,unmatched_source_alias; demoted_weak_alias_match,Ground Control
gtertrennungxs,gtertrennung xs,Gtertrennung XS,unmatched,no_match,complete,low,unmatched_source_alias; demoted_weak_alias_match,Gtertrennung XS
guildwars,guild wars,Guild Wars,unmatched,no_match,complete,low,unmatched_source_alias; demoted_weak_alias_match,Guild Wars
guildwarsfactions,guild wars factions,Guild Wars Factions,unmatched,no_match,complete,low,unmatched_source_alias; demoted_weak_alias_match,Guild Wars Factions
guildwarsnightfall,guild wars nightfall,Guild Wars Nightfall,unmatched,no_match,complete,low,unmatched_source_alias; demoted_weak_alias_match,Guild Wars Nightfall
gunbound,gunbound,Gunbound,unmatched,no_match,complete,low,unmatched_source_alias; demoted_weak_alias_match,Gunbound
gunshipapocalypse,gunship apocalypse,Gunship Apocalypse,unmatched,no_match,complete,low,unmatched_source_alias; demoted_weak_alias_match,Gunship Apocalypse
hcraftchampionship,h craft championship,H Craft Championship,unmatched,no_match,complete,low,unmatched_source_alias; demoted_weak_alias_match,H Craft Championship; HCraft Championship
hacker,hacker,Hacker,unmatched,no_match,complete,low,unmatched_source_alias; demoted_weak_alias_match,Hacker
haegemonialegionsofiron,haegemonia legions of iron,Haegemonia Legions of Iron,unmatched,no_match,complete,low,unmatched_source_alias; demoted_weak_alias_match,Haegemonia Legions of Iron; Haegemonia Legionsof Iron
halflife2,half life 2,Half Life 2,unmatched,no_match,complete,low,unmatched_source_alias; demoted_weak_alias_match,Half Life 2
halflifeepisodeone,half life episode one,Half Life Episode One,unmatched,no_match,complete,low,unmatched_source_alias; demoted_weak_alias_match,Half Life Episode One
halflifeepisodetwo,half life episode two,Half Life Episode Two,unmatched,no_match,complete,low,unmatched_source_alias; demoted_weak_alias_match,Half Life Episode Two
halflifeportal,half life portal,Half Life Portal,unmatched,no_match,complete,low,unmatched_source_alias; demoted_weak_alias_match,Half Life Portal
halo2,halo 2,Halo 2,unmatched,no_match,complete,low,unmatched_source_alias; demoted_weak_alias_match,Halo 2
halokampfumdiezukunft,halo kampf um die zukunft,Halo Kampf um die Zukunft,unmatched,no_match,complete,low,unmatched_source_alias; demoted_weak_alias_match,Halo Kampf um die Zukunft
hamachi,hamachi,Hamachi,unmatched,no_match,complete,low,unmatched_source_alias; demoted_weak_alias_match,Hamachi
hamburgerweihnachtsreise,hamburger weihnachtsreise,Hamburger Weihnachtsreise,unmatched,no_match,complete,low,unmatched_source_alias; demoted_weak_alias_match,Hamburger Weihnachtsreise
hammersichel,hammer sichel,Hammer Sichel,unmatched,no_match,complete,low,unmatched_source_alias; demoted_weak_alias_match,Hammer Sichel
hammerundsichel,hammer und sichel,Hammer und Sichel,unmatched,no_match,complete,low,unmatched_source_alias; demoted_weak_alias_match,Hammer und Sichel
handballmanager,handball manager,Handball Manager,unmatched,no_match,complete,low,unmatched_source_alias; demoted_weak_alias_match,Handball Manager
hankxs,hank xs,Hank XS,unmatched,no_match,complete,low,unmatched_source_alias; demoted_weak_alias_match,Hank XS
happyfeet,happy feet,Happy Feet,unmatched,no_match,complete,low,unmatched_source_alias; demoted_weak_alias_match,Happy Feet
happypingu,happy pingu,Happy Pingu,unmatched,no_match,complete,low,unmatched_source_alias; demoted_weak_alias_match,Happy Pingu
harrypotterbonusmaterial,harry potter bonusmaterial,Harry Potter Bonusmaterial,unmatched,no_match,complete,low,unmatched_source_alias; demoted_weak_alias_match,Harry Potter Bonusmaterial
harrypotteru,harry potter u,Harry Potter u,unmatched,no_match,complete,low,unmatched_source_alias; demoted_weak_alias_match,Harry Potter u
hazeubidays,haze ubidays,Haze Ubidays,unmatched,no_match,complete,low,unmatched_source_alias; demoted_weak_alias_match,Haze Ubidays
heimspiel,heimspiel,Heimspiel,unmatched,no_match,complete,low,unmatched_source_alias; demoted_weak_alias_match,Heimspiel
heimspieleishockeymanager,heimspiel eishockeymanager,Heimspiel Eishockeymanager,unmatched,no_match,complete,low,unmatched_source_alias; demoted_weak_alias_match,Heimspiel Eishockeymanager
hellcopter,hell copter,Hell Copter,unmatched,no_match,complete,low,unmatched_source_alias; demoted_weak_alias_match,Hell Copter
hellcarrier,hellcarrier,Hellcarrier,unmatched,no_match,complete,low,unmatched_source_alias; demoted_weak_alias_match,Hellcarrier
helldorado,helldorado,Helldorado,unmatched,no_match,complete,low,unmatched_source_alias; demoted_weak_alias_match,Helldorado
hellokittyrollerrescue,hello kitty roller rescue,Hello Kitty Roller Rescue,unmatched,no_match,complete,low,unmatched_source_alias; demoted_weak_alias_match,Hello Kitty Roller Rescue
heroesofannihilatedempires,heroes of annihilated empires,Heroes of Annihilated Empires,unmatched,no_match,complete,low,unmatched_source_alias; demoted_weak_alias_match,Heroes of Annihilated Empires; Heroesof Annihilated Empires
heroesofmightandmagic5,heroes of might and magic 5,Heroes of Might and Magic 5,unmatched,no_match,complete,low,unmatched_source_alias; demoted_weak_alias_match,Heroes of Might and Magic 5
heroesofthepacific,heroes of the pacific,Heroes of the Pacific,unmatched,no_match,complete,low,unmatched_source_alias; demoted_weak_alias_match,Heroes of the Pacific
heroesofmightmagichammersoffate,heroesof might magic hammersof fate,Heroesof Might Magic Hammersof Fate,unmatched,no_match,complete,low,unmatched_source_alias; demoted_weak_alias_match,Heroesof Might Magic Hammersof Fate
heroesofmightandmagic,heroesof mightand magic,Heroesof Mightand Magic,unmatched,no_match,complete,low,unmatched_source_alias; demoted_weak_alias_match,Heroesof Mightand Magic
herrderpilze,herr der pilze,Herr der Pilze,unmatched,no_match,complete,low,unmatched_source_alias; demoted_weak_alias_match,Herr der Pilze
hitblock,hitblock,Hitblock,unmatched,no_match,complete,low,unmatched_source_alias; demoted_weak_alias_match,Hitblock
hllenjobxs,hllenjob xs,Hllenjob XS,unmatched,no_match,complete,low,unmatched_source_alias; demoted_weak_alias_match,Hllenjob XS
hotelgigant2,hotel gigant 2,Hotel Gigant 2,unmatched,no_match,complete,low,unmatched_source_alias; demoted_weak_alias_match,Hotel Gigant 2
huibuhdasschlossgespenstunddiegeisterjger,hui buh das schlossgespenstunddie geisterjger,Hui Buh Das Schlossgespenstunddie Geisterjger,unmatched,no_match,complete,low,unmatched_source_alias; demoted_weak_alias_match,Hui Buh Das Schlossgespenstunddie Geisterjger
hypersnap,hyper snap,Hyper Snap,unmatched,no_match,complete,low,unmatched_source_alias; demoted_weak_alias_match,Hyper Snap
iceagejetzttauts,ice age jetzttauts,Ice Age Jetzttauts,unmatched,no_match,complete,low,unmatched_source_alias; demoted_weak_alias_match,Ice Age Jetzttauts
immortalcitieskinderdesnils,immortal cities kinder des nils,Immortal Cities Kinder des Nils,unmatched,no_match,complete,low,unmatched_source_alias; demoted_weak_alias_match,Immortal Cities Kinder des Nils v 1 3 0; Immortal Cities Kinderdes Nilsv11
imperiumromanumkopierschutz,imperium romanum kopierschutz,Imperium Romanum Kopierschutz,unmatched,no_match,complete,low,unmatched_source_alias; demoted_weak_alias_match,Imperium Romanum Kopierschutz
in80tagenumdiewelt,in 80 tagen um die welt,In 80 Tagen um die Welt,unmatched,no_match,complete,low,unmatched_source_alias; demoted_weak_alias_match,In 80 Tagen um die Welt
incadia,incadia,Incadia,unmatched,no_match,complete,low,unmatched_source_alias; demoted_weak_alias_match,Incadia
incrediblechallenge,incredible challenge,Incredible Challenge,unmatched,no_match,complete,low,unmatched_source_alias; demoted_weak_alias_match,Incredible Challenge
industriegigant2,industrie gigant 2,Industrie Gigant 2,unmatched,no_match,complete,low,unmatched_source_alias; demoted_weak_alias_match,Industrie Gigant 2
invasionrepelandrebuild,invasion repel and rebuild,Invasion Repel and Rebuild,unmatched,no_match,complete,low,unmatched_source_alias; demoted_weak_alias_match,Invasion Repel and Rebuild; Invasion Repeland Rebuild
isabelwerthreitsport,isabel werth reitsport,Isabel Werth Reitsport,unmatched,no_match,complete,low,unmatched_source_alias; demoted_weak_alias_match,Isabel Werth Reitsport; Isabel Werth Reitsport v 1; Isabel Werth Reitsportv12
izberitejezikzapripravo,izberite jezik za pripravo,Izberite jezik za pripravo,unmatched,no_match,complete,low,unmatched_source_alias; demoted_weak_alias_match,Izberite jezik za pripravo
jacomosbrickmountain,jacomo s brick mountain,Jacomo's Brick Mountain,unmatched,no_match,complete,low,unmatched_source_alias; demoted_weak_alias_match,Jacomo's Brick Mountain; Jacomos Brick Mountain
jacomoscastle,jacomo s castle,Jacomo's Castle,unmatched,no_match,complete,low,unmatched_source_alias; demoted_weak_alias_match,Jacomo's Castle; Jacomos Castle
jardinains,jardinains,Jardinains,unmatched,no_match,complete,low,unmatched_source_alias; demoted_weak_alias_match,Jardinains
jeithonas,jeithonas,Jeithonas,unmatched,no_match,complete,low,unmatched_source_alias; demoted_weak_alias_match,Jeithonas
jumpingjokers,jumping jokers,Jumping Jokers,unmatched,no_match,complete,low,unmatched_source_alias; demoted_weak_alias_match,Jumping Jokers
kakuroxxl,kakuro xxl,Kakuro XXL,unmatched,no_match,complete,low,unmatched_source_alias; demoted_weak_alias_match,Kakuro XXL
karomatix,karomatix,Karomatix,unmatched,no_match,complete,low,unmatched_source_alias; demoted_weak_alias_match,Karomatix
kartingrace,karting race,Karting Race,unmatched,no_match,complete,low,unmatched_source_alias; demoted_weak_alias_match,Karting Race
kaufzeit,kaufzeit,Kaufzeit,unmatched,no_match,complete,low,unmatched_source_alias; demoted_weak_alias_match,Kaufzeit
kinderdesnils,kinder des nils,Kinder des Nils,unmatched,no_match,complete,low,unmatched_source_alias; demoted_weak_alias_match,Kinder des Nils v 1
knigederwellen,knigeder wellen,Knigeder Wellen,unmatched,no_match,complete,low,unmatched_source_alias; demoted_weak_alias_match,Knigeder Wellen
knightriderthegame,knight rider the game,Knight Rider The Game,unmatched,no_match,complete,low,unmatched_source_alias; demoted_weak_alias_match,Knight Rider The Game
kochmeisterpfanne2xs,kochmeister pfanne 2 xs,Kochmeister Pfanne 2 XS,unmatched,no_match,complete,low,unmatched_source_alias; demoted_weak_alias_match,Kochmeister Pfanne 2 XS
kochmeisterpfannexs,kochmeister pfanne xs,Kochmeister Pfanne XS,unmatched,no_match,complete,low,unmatched_source_alias; demoted_weak_alias_match,Kochmeister Pfanne XS
krackthewaves,krackthe waves,Krackthe Waves,unmatched,no_match,complete,low,unmatched_source_alias; demoted_weak_alias_match,Krackthe Waves
kultheretickingdoms,kult heretic kingdoms,Kult Heretic Kingdoms,unmatched,no_match,complete,low,unmatched_source_alias; demoted_weak_alias_match,Kult Heretic Kingdoms v 1; Kult Heretic Kingdoms
kumoon,kumoon,Kumoon,unmatched,no_match,complete,low,unmatched_source_alias; demoted_weak_alias_match,Kumoon
kungfupanda,kung fu panda,Kung Fu Panda,unmatched,no_match,complete,low,unmatched_source_alias; demoted_weak_alias_match,Kung Fu Panda
konigederwellen,konige der wellen,Könige der Wellen,unmatched,no_match,complete,low,unmatched_source_alias; demoted_weak_alias_match,Könige der Wellen
lcdpanel1,lcd panel 1,LCD panel 1,unmatched,no_match,complete,low,unmatched_source_alias; demoted_weak_alias_match,LCD panel 1
lcdramkalewa,lcd ramka lewa,LCD ramka lewa,unmatched,no_match,complete,low,unmatched_source_alias; demoted_weak_alias_match,LCD ramka lewa
lcdramkaprawa,lcd ramka prawa,LCD ramka prawa,unmatched,no_match,complete,low,unmatched_source_alias; demoted_weak_alias_match,LCD ramka prawa
leftarrow,left arrow,LEFT ARROW,unmatched,no_match,complete,low,unmatched_source_alias; demoted_weak_alias_match,LEFT ARROW
laracrofttombraideranniversary,lara croft tomb raider anniversary,Lara Croft Tomb Raider Anniversary,unmatched,no_match,complete,low,unmatched_source_alias; demoted_weak_alias_match,Lara Croft Tomb Raider Anniversary
largowinch,largo winch,Largo Winch,unmatched,no_match,complete,low,unmatched_source_alias; demoted_weak_alias_match,Largo Winch
larrycannibalattack,larry cannibal attack,Larry Cannibal Attack,unmatched,no_match,complete,low,unmatched_source_alias; demoted_weak_alias_match,Larry Cannibal Attack
larrycannibalcrush,larry cannibal crush,Larry Cannibal Crush,unmatched,no_match,complete,low,unmatched_source_alias; demoted_weak_alias_match,Larry Cannibal Crush
larryjunglesmash,larry jungle smash,Larry Jungle Smash,unmatched,no_match,complete,low,unmatched_source_alias; demoted_weak_alias_match,Larry Jungle Smash
larrysupereggomania,larry super eggomania,Larry Super Eggomania,unmatched,no_match,complete,low,unmatched_source_alias; demoted_weak_alias_match,Larry Super Eggomania
larrysgrandslamtennis,larry s grand slam tennis,Larry's Grand Slam Tennis,unmatched,no_match,complete,low,unmatched_source_alias; demoted_weak_alias_match,Larrys Grand Slam Tennis; Larry's Grand Slam Tennis
lastchaos,last chaos,Last Chaos,unmatched,no_match,complete,low,unmatched_source_alias; demoted_weak_alias_match,Last Chaos
legacyofkaindefiance,legacy of kain defiance,Legacy of Kain Defiance,unmatched,no_match,complete,low,unmatched_source_alias; demoted_weak_alias_match,Legacy of Kain Defiance
legacyofkainsoulreaver,legacy of kain soul reaver,Legacy of Kain Soul Reaver,unmatched,no_match,complete,low,unmatched_source_alias; demoted_weak_alias_match,Legacy of Kain Soul Reaver
legendhandofgod,legend handof god,Legend Handof God,unmatched,no_match,complete,low,unmatched_source_alias; demoted_weak_alias_match,Legend Handof God
legobatman,lego batman,Lego Batman,unmatched,no_match,complete,low,unmatched_source_alias; demoted_weak_alias_match,Lego Batman
legoindianajones,lego indiana jones,Lego Indiana Jones,unmatched,no_match,complete,low,unmatched_source_alias; demoted_weak_alias_match,Lego Indiana Jones
legostarwars,lego star wars,Lego Star Wars,unmatched,no_match,complete,low,unmatched_source_alias; demoted_weak_alias_match,Lego Star Wars
legostarwarsdieklassischetrilogie,lego star wars dieklassische trilogie,Lego Star Wars Dieklassische Trilogie,unmatched,no_match,complete,low,unmatched_source_alias; demoted_weak_alias_match,Lego Star Wars Dieklassische Trilogie
leisuresuitlarry,leisure suit larry,Leisure Suit Larry,unmatched,no_match,complete,low,unmatched_source_alias; demoted_weak_alias_match,Leisure Suit Larry
lemonysnicket,lemony snicket,Lemony Snicket,unmatched,no_match,complete,low,unmatched_source_alias; demoted_weak_alias_match,Lemony Snicket
levelr,level r,Level R,unmatched,no_match,complete,low,unmatched_source_alias; demoted_weak_alias_match,Level R
lineageoathofbloodchronicle,lineage oathof blood chronicle,Lineage Oathof Blood Chronicle,unmatched,no_match,complete,low,unmatched_source_alias; demoted_weak_alias_match,Lineage Oathof Blood Chronicle
linseneffekte,linseneffekte,Linseneffekte,unmatched,no_match,complete,low,unmatched_source_alias; demoted_weak_alias_match,Linseneffekte
lissyundihrefreundedieabenteuerlichepferderallye,lissyundihre freunde dieabenteuerliche pferderallye,Lissyundihre Freunde Dieabenteuerliche Pferderallye,unmatched,no_match,complete,low,unmatched_source_alias; demoted_weak_alias_match,Lissyundihre Freunde Dieabenteuerliche Pferderallye
littlebigplanet,little big planet,Little Big Planet,unmatched,no_match,complete,low,unmatched_source_alias; demoted_weak_alias_match,Little Big Planet
liveforspeed,live for speed,Live for Speed,unmatched,no_match,complete,low,unmatched_source_alias; demoted_weak_alias_match,Live for Speed
lockonaircombatsimulation,lock on air combat simulation,Lock On Air Combat Simulation,unmatched,no_match,complete,low,unmatched_source_alias; demoted_weak_alias_match,Lock On Air Combat Simulation
locomania,loco mania,Loco Mania,unmatched,no_match,complete,low,unmatched_source_alias; demoted_weak_alias_match,Loco Mania
logistikmaster,logistik master,Logistik Master,unmatched,no_match,complete,low,unmatched_source_alias; demoted_weak_alias_match,Logistik Master
lokiimbannkreisdergtter,loki im bannkreisder gtter,Loki Im Bannkreisder Gtter,unmatched,no_match,complete,low,unmatched_source_alias; demoted_weak_alias_match,Loki Im Bannkreisder Gtter; Loki Im Bannkreisder Gtterv1040; Loki Im Bannkreisder Gtterv1050
londonracer,london racer,London Racer,unmatched,no_match,complete,low,unmatched_source_alias; demoted_weak_alias_match,London Racer
looman,looman,Looman,unmatched,no_match,complete,low,unmatched_source_alias; demoted_weak_alias_match,Looman
lostempireimmortals,lost empire immortals,Lost Empire Immortals,unmatched,no_match,complete,low,unmatched_source_alias; demoted_weak_alias_match,Lost Empire Immortals
lostmagic,lost magic,Lost Magic,unmatched,no_match,complete,low,unmatched_source_alias; demoted_weak_alias_match,Lost Magic
lostplanet,lost planet,Lost Planet,unmatched,no_match,complete,low,unmatched_source_alias; demoted_weak_alias_match,Lost Planet
lostplanetextremecondition,lost planet extreme condition,Lost Planet Extreme Condition,unmatched,no_match,complete,low,unmatched_source_alias; demoted_weak_alias_match,Lost Planet Extreme Condition
luckylukegowest,lucky luke go west,Lucky Luke Go West,unmatched,no_match,complete,low,unmatched_source_alias; demoted_weak_alias_match,Lucky Luke Go West
lumines,lumines,Lumines,unmatched,no_match,complete,low,unmatched_source_alias; demoted_weak_alias_match,Lumines
mdk,mdk,MDK,unmatched,no_match,complete,low,unmatched_source_alias; demoted_weak_alias_match,MDK
mtxmototrax,mtx mototrax,MTX Mototrax,unmatched,no_match,complete,low,unmatched_source_alias; demoted_weak_alias_match,MTX Mototrax
macaosolitaire,macao solitaire,Macao Solitaire,unmatched,no_match,complete,low,unmatched_source_alias; demoted_weak_alias_match,Macao Solitaire
madtracks,mad tracks,Mad Tracks,unmatched,no_match,complete,low,unmatched_source_alias; demoted_weak_alias_match,Mad Tracks
madagascar2,madagascar 2,Madagascar 2,unmatched,no_match,complete,low,unmatched_source_alias; demoted_weak_alias_match,Madagascar 2
maelstrom,maelstrom,Maelstrom,unmatched,no_match,complete,low,unmatched_source_alias; demoted_weak_alias_match,Maelstrom; Maelstromv
magiceye,magic eye,Magic Eye,unmatched,no_match,complete,low,unmatched_source_alias; demoted_weak_alias_match,Magic Eye
mapauswahl,mapauswahl,Mapauswahl,unmatched,no_match,complete,low,unmatched_source_alias; demoted_weak_alias_match,Mapauswahl
maplestory,maple story,Maple Story,unmatched,no_match,complete,low,unmatched_source_alias; demoted_weak_alias_match,Maple Story
mapzeit,mapzeit,Mapzeit,unmatched,no_match,complete,low,unmatched_source_alias; demoted_weak_alias_match,Mapzeit
marbleinsanity,marble insanity,Marble Insanity,unmatched,no_match,complete,low,unmatched_source_alias; demoted_weak_alias_match,Marble Insanity
marblejongg,marble jongg,Marble Jongg,unmatched,no_match,complete,low,unmatched_source_alias; demoted_weak_alias_match,Marble Jongg
marblesheep,marble sheep,Marble Sheep,unmatched,no_match,complete,low,unmatched_source_alias; demoted_weak_alias_match,Marble Sheep
marineparkempire,marine park empire,Marine Park Empire,unmatched,no_match,complete,low,unmatched_source_alias; demoted_weak_alias_match,Marine Park Empire
mariopowertennis,mario power tennis,Mario Power Tennis,unmatched,no_match,complete,low,unmatched_source_alias; demoted_weak_alias_match,Mario Power Tennis
marvelultimatealliance,marvel ultimate alliance,Marvel Ultimate Alliance,unmatched,no_match,complete,low,unmatched_source_alias; demoted_weak_alias_match,Marvel Ultimate Alliance
mashed,mashed,Mashed,unmatched,no_match,complete,low,unmatched_source_alias; demoted_weak_alias_match,Mashed
medalofhonorairborne,medalof honor airborne,Medalof Honor Airborne,unmatched,no_match,complete,low,unmatched_source_alias; demoted_weak_alias_match,Medalof Honor Airbornev13
medicalat,medicalat,Medicalat,unmatched,no_match,complete,low,unmatched_source_alias; demoted_weak_alias_match,Medicalat
medieval2totalwar,medieval 2 total war,Medieval 2 Total War,unmatched,no_match,complete,low,unmatched_source_alias; demoted_weak_alias_match,Medieval 2 Total War v 1
medieval2totalwarkingdoms,medieval 2 total war kingdoms,Medieval 2 Total War Kingdoms,unmatched,no_match,complete,low,unmatched_source_alias; demoted_weak_alias_match,Medieval 2 Total War Kingdoms v 1; Medieval2 Total War Kingdomsv105
medievallords,medieval lords,Medieval Lords,unmatched,no_match,complete,low,unmatched_source_alias; demoted_weak_alias_match,Medieval Lords
medievaltotalwar,medieval total war,Medieval Total War,unmatched,no_match,complete,low,unmatched_source_alias; demoted_weak_alias_match,Medieval Total War
medievaltotalwarv,medieval total warv,Medieval Total Warv,unmatched,no_match,complete,low,unmatched_source_alias; demoted_weak_alias_match,Medieval Total Warv
meinetierkliniklowenbaby,meine tierklinik lowenbaby,Meine Tierklinik Löwenbaby,unmatched,no_match,complete,low,unmatched_source_alias; demoted_weak_alias_match,Meine Tierklinik Löwenbaby; Meine Tierklinik Lwenbaby
meinetierschule,meine tierschule,Meine Tierschule,unmatched,no_match,complete,low,unmatched_source_alias; demoted_weak_alias_match,Meine Tierschule
meistertrainer,meistertrainer,Meistertrainer,unmatched,no_match,complete,low,unmatched_source_alias; demoted_weak_alias_match,Meistertrainer
mementomori,memento mori,Memento Mori,unmatched,no_match,complete,low,unmatched_source_alias; demoted_weak_alias_match,Memento Mori
mercedesclcdreamtestdrive,mercedes clc dream test drive,Mercedes CLC Dream - Test Drive,unmatched,no_match,complete,low,unmatched_source_alias; demoted_weak_alias_match,Mercedes CLC Dream - Test Drive
metalgearsolid4,metal gear solid 4,Metal Gear Solid 4,unmatched,no_match,complete,low,unmatched_source_alias; demoted_weak_alias_match,Metal Gear Solid 4
metalgearsolidgunsofthepatriots,metal gear solid guns of the patriots,Metal Gear Solid Guns of the Patriots,unmatched,no_match,complete,low,unmatched_source_alias; demoted_weak_alias_match,Metal Gear Solid Gunsofthe Patriots; Metal Gear Solid Guns of the Patriots
metin,metin,Metin,unmatched,no_match,complete,low,unmatched_source_alias; demoted_weak_alias_match,Metin
metroidprime2echoes,metroid prime 2 echoes,Metroid Prime 2 Echoes,unmatched,no_match,complete,low,unmatched_source_alias; demoted_weak_alias_match,Metroid Prime 2 Echoes
michaelschumacherworldtourkart,michael schumacher world tour kart,Michael Schumacher World Tour Kart,unmatched,no_match,complete,low,unmatched_source_alias; demoted_weak_alias_match,Michael Schumacher World Tour Kart
microsoftcombatflightsimulator,microsoft combat flight simulator,Microsoft Combat Flight Simulator,unmatched,no_match,complete,low,unmatched_source_alias; demoted_weak_alias_match,Microsoft Combat Flight Simulator
microsoftflightsimulatorx,microsoft flight simulator x,Microsoft Flight Simulator X,unmatched,no_match,complete,low,unmatched_source_alias; demoted_weak_alias_match,Microsoft Flight Simulator X
microsoftflightsimulatorxdeutsch,microsoft flight simulator x deutsch,Microsoft Flight Simulator X Deutsch,unmatched,no_match,complete,low,unmatched_source_alias; demoted_weak_alias_match,Microsoft Flight Simulator X Deutsch; Microsoft Flight Simulator XDeutsch
midnightclub3,midnight club 3,Midnight Club 3,unmatched,no_match,complete,low,unmatched_source_alias; demoted_weak_alias_match,Midnight Club 3
midnightnowhere,midnight nowhere,Midnight Nowhere,unmatched,no_match,complete,low,unmatched_source_alias; demoted_weak_alias_match,Midnight Nowhere
mightyjackhammer,mighty jack hammer,Mighty Jack Hammer,unmatched,no_match,complete,low,unmatched_source_alias; demoted_weak_alias_match,Mighty Jack Hammer
minigolfshot,mini golf shot,Mini Golf Shot,unmatched,no_match,complete,low,unmatched_source_alias; demoted_weak_alias_match,Mini Golf Shot
minigolfoneshot,minigolf one shot,Minigolf One Shot,unmatched,no_match,complete,low,unmatched_source_alias; demoted_weak_alias_match,Minigolf One Shot
mirandavista,miranda vista,Miranda Vista,unmatched,no_match,complete,low,unmatched_source_alias; demoted_weak_alias_match,Miranda Vista
mirandaxp,miranda xp,Miranda XP,unmatched,no_match,complete,low,unmatched_source_alias; demoted_weak_alias_match,Miranda XP
mirrorsedge,mirrors edge,Mirrors Edge,unmatched,no_match,complete,low,unmatched_source_alias; demoted_weak_alias_match,Mirrors Edge v 1
mobility1,mobility 1,Mobility 1,unmatched,no_match,complete,low,unmatched_source_alias; demoted_weak_alias_match,Mobility 1
monstersvs,monsters vs,Monsters vs,unmatched,no_match,complete,low,unmatched_source_alias; demoted_weak_alias_match,Monsters vs
monsterz,monsterz,Monsterz,unmatched,no_match,complete,low,unmatched_source_alias; demoted_weak_alias_match,Monsterz
moorfroschxs,moorfrosch xs,Moorfrosch XS,unmatched,no_match,complete,low,unmatched_source_alias; demoted_weak_alias_match,Moorfrosch XS
moorhuhnactionimanflug,moorhuhn action im anflug,Moorhuhn Action Im Anflug,unmatched,no_match,complete,low,unmatched_source_alias; demoted_weak_alias_match,Moorhuhn Action Im Anflug
moorhuhnatlantis,moorhuhn atlantis,Moorhuhn Atlantis,unmatched,no_match,complete,low,unmatched_source_alias; demoted_weak_alias_match,Moorhuhn Atlantis
moorhuhninvasion,moorhuhn invasion,Moorhuhn Invasion,unmatched,no_match,complete,low,unmatched_source_alias; demoted_weak_alias_match,Moorhuhn Invasion
moorhuhnkart,moorhuhn kart,Moorhuhn Kart,unmatched,no_match,complete,low,unmatched_source_alias; demoted_weak_alias_match,Moorhuhn Kart
moorhuhnpiraten,moorhuhn piraten,Moorhuhn Piraten,unmatched,no_match,complete,low,unmatched_source_alias; demoted_weak_alias_match,Moorhuhn Piraten
moorhuhnschatzjaeger,moorhuhn schatzjaeger,Moorhuhn Schatzjaeger,unmatched,no_match,complete,low,unmatched_source_alias; demoted_weak_alias_match,Moorhuhn Schatzjaeger
moorhuhnschatzjger,moorhuhn schatzjger,Moorhuhn Schatzjger,unmatched,no_match,complete,low,unmatched_source_alias; demoted_weak_alias_match,Moorhuhn Schatzjger
moorhuhnsoccer,moorhuhn soccer,Moorhuhn Soccer,unmatched,no_match,complete,low,unmatched_source_alias; demoted_weak_alias_match,Moorhuhn Soccer
moorhuhnwanted,moorhuhn wanted,Moorhuhn Wanted,unmatched,no_match,complete,low,unmatched_source_alias; demoted_weak_alias_match,Moorhuhn Wanted
moorhuhnwantedxs,moorhuhn wanted xs,Moorhuhn Wanted XS,unmatched,no_match,complete,low,unmatched_source_alias; demoted_weak_alias_match,Moorhuhn Wanted XS
motogp,moto gp,Moto GP,unmatched,no_match,complete,low,unmatched_source_alias; demoted_weak_alias_match,Moto GP
motogpurt3,moto gp urt 3,Moto GP URT 3,unmatched,no_match,complete,low,unmatched_source_alias; demoted_weak_alias_match,Moto GP URT 3
multiblocks,multiblocks,Multiblocks,unmatched,no_match,complete,low,unmatched_source_alias; demoted_weak_alias_match,Multiblocks
multiwinia,multiwinia,Multiwinia,unmatched,no_match,complete,low,unmatched_source_alias; demoted_weak_alias_match,Multiwinia
muzzle,muzzle,Muzzle,unmatched,no_match,complete,low,unmatched_source_alias; demoted_weak_alias_match,Muzzle
myboyfriend,my boyfriend,My Boyfriend,unmatched,no_match,complete,low,unmatched_source_alias; demoted_weak_alias_match,My Boyfriend
mygamerscam,my gamers cam,My Gamers Cam,unmatched,no_match,complete,low,unmatched_source_alias; demoted_weak_alias_match,My Gamers Cam
myst5endofages,myst 5 end of ages,Myst 5 End of Ages,unmatched,no_match,complete,low,unmatched_source_alias; demoted_weak_alias_match,Myst 5 End of Ages
mystexile,myst exile,Myst Exile,unmatched,no_match,complete,low,unmatched_source_alias; demoted_weak_alias_match,Myst Exile
mysteryisland,mystery island,Mystery Island,unmatched,no_match,complete,low,unmatched_source_alias; demoted_weak_alias_match,Mystery Island
mythos,mythos,Mythos,unmatched,no_match,complete,low,unmatched_source_alias; demoted_weak_alias_match,Mythos
neuesspiel,neues spiel,NEUES SPIEL,unmatched,no_match,complete,low,unmatched_source_alias; demoted_weak_alias_match,NEUES SPIEL
nfsunderground2,nfs underground 2,NFS Underground 2,unmatched,no_match,complete,low,unmatched_source_alias; demoted_weak_alias_match,NFS Underground 2; NFS Underground 2 v 1
niveaformenfootballmania,nivea for men football mania,NIVEA FOR MEN Football Mania,unmatched,no_match,complete,low,unmatched_source_alias; demoted_weak_alias_match,NIVEA FOR MEN Football Mania
napkinrace,napkin race,Napkin Race,unmatched,no_match,complete,low,unmatched_source_alias; demoted_weak_alias_match,Napkin Race
napoleon,napoleon,Napoleon,unmatched,no_match,complete,low,unmatched_source_alias; demoted_weak_alias_match,Napoleon
navyfield,navy field,Navy Field,unmatched,no_match,complete,low,unmatched_source_alias; demoted_weak_alias_match,Navy Field
needforspeedunderground,need for speed underground,Need for Speed - Underground,unmatched,no_match,complete,low,unmatched_source_alias; demoted_weak_alias_match,Need for Speed - Underground v 1 1
needforspeedcarbon,need for speed carbon,Need for Speed Carbon,unmatched,no_match,complete,low,unmatched_source_alias; demoted_weak_alias_match,Needfor Speed Carbon; Needfor Speed Carbonv14; Need for Speed Carbon v 1
needforspeedmostwanted,need for speed most wanted,Need for Speed Most Wanted,unmatched,no_match,complete,low,unmatched_source_alias; demoted_weak_alias_match,Need for Speed Most Wanted; Need for Speed Most Wanted v
needforspeedprostreet,need for speed pro street,Need for Speed Pro Street,unmatched,no_match,complete,low,unmatched_source_alias; demoted_weak_alias_match,Need for Speed Pro Street; Needfor Speed Pro Street
neocronarcade,neocron arcade,Neocron Arcade,unmatched,no_match,complete,low,unmatched_source_alias; demoted_weak_alias_match,Neocron Arcade
neosteam,neosteam,Neosteam,unmatched,no_match,complete,low,unmatched_source_alias; demoted_weak_alias_match,Neosteam
nero6reloaded,nero 6 reloaded,Nero 6 Reloaded,unmatched,no_match,complete,low,unmatched_source_alias; demoted_weak_alias_match,Nero 6 Reloaded (Demo)
netmhle,net mhle,Net Mhle,unmatched,no_match,complete,low,unmatched_source_alias; demoted_weak_alias_match,Net Mhle
netquartett,net quartett,Net Quartett,unmatched,no_match,complete,low,unmatched_source_alias; demoted_weak_alias_match,Net Quartett
neurohunter,neuro hunter,Neuro Hunter,unmatched,no_match,complete,low,unmatched_source_alias; demoted_weak_alias_match,Neuro Hunter
neverwinternights,neverwinter nights,Neverwinter Nights,unmatched,no_match,complete,low,unmatched_source_alias; demoted_weak_alias_match,Neverwinter Nights v 1; Neverwinter Nightsv
nexusthejupiterincident,nexus the jupiter incident,Nexus The Jupiter Incident,unmatched,no_match,complete,low,unmatched_source_alias; demoted_weak_alias_match,Nexus The Jupiter Incident
nice2,nice 2,Nice 2,unmatched,no_match,complete,low,unmatched_source_alias; demoted_weak_alias_match,Nice 2
niveamaennersachecomputerspiel,nivea maennersache computerspiel,Nivea Maennersache Computerspiel,unmatched,no_match,complete,low,unmatched_source_alias; demoted_weak_alias_match,Nivea Maennersache Computerspiel
niveamaennersachespot,nivea maennersache spot,Nivea Maennersache Spot,unmatched,no_match,complete,low,unmatched_source_alias; demoted_weak_alias_match,Nivea Maennersache Spot
nonsensetrilogy,nonsense trilogy,Nonsense Trilogy,unmatched,no_match,complete,low,unmatched_source_alias; demoted_weak_alias_match,Nonsense Trilogy
nostradamusdieletzteprophezeihung,nostradamus die letzte prophezeihung,Nostradamus Die letzte Prophezeihung,unmatched,no_match,complete,low,unmatched_source_alias; demoted_weak_alias_match,Nostradamus Die letzte Prophezeihung; Nostradamus Dieletzte Prophezeihung
obscure,obscure,Obscure,unmatched,no_match,complete,low,unmatched_source_alias; demoted_weak_alias_match,Obscure
obscure2,obscure 2,Obscure 2,unmatched,no_match,complete,low,unmatched_source_alias; demoted_weak_alias_match,Obscure 2
obulis,obulis,Obulis,unmatched,no_match,complete,low,unmatched_source_alias; demoted_weak_alias_match,Obulis
oceandiver,ocean diver,Ocean Diver,unmatched,no_match,complete,low,unmatched_source_alias; demoted_weak_alias_match,Ocean Diver
octoneuro,octo neuro,Octo Neuro,unmatched,no_match,complete,low,unmatched_source_alias; demoted_weak_alias_match,Octo Neuro
oddworldabesoddysee,oddworld abe s oddysee,Oddworld Abe's Oddysee,unmatched,no_match,complete,low,unmatched_source_alias; demoted_weak_alias_match,Oddworld Abe's Oddysee
oddworldstrangersvergelt,oddworld strangers vergelt,Oddworld Strangers Vergelt,unmatched,no_match,complete,low,unmatched_source_alias; demoted_weak_alias_match,Oddworld Strangers Vergelt
oktoberfestwiesngaudi,oktoberfest wiesn gaudi,Oktoberfest Wiesn Gaudi,unmatched,no_match,complete,low,unmatched_source_alias; demoted_weak_alias_match,Oktoberfest Wiesn Gaudi
oktoberfestzapfer,oktoberfest zapfer,Oktoberfest Zapfer,unmatched,no_match,complete,low,unmatched_source_alias; demoted_weak_alias_match,Oktoberfest Zapfer
onimushademonsiege,onimusha demon siege,Onimusha Demon Siege,unmatched,no_match,complete,low,unmatched_source_alias; demoted_weak_alias_match,Onimusha Demon Siege; Onimusha Demon Siegev
opaquecomposition,opaque composition,Opaque Composition,unmatched,no_match,complete,low,unmatched_source_alias; demoted_weak_alias_match,Opaque Composition
ottifantenostfriesenlemmingeinnot,ottifanten ostfriesen lemminge in not,Ottifanten Ostfriesen Lemminge in Not,unmatched,no_match,complete,low,unmatched_source_alias; demoted_weak_alias_match,Ottifanten Ostfriesen Lemminge in Not
ottifantenostfriesenpinball,ottifanten ostfriesen pinball,Ottifanten Ostfriesen Pinball,unmatched,no_match,complete,low,unmatched_source_alias; demoted_weak_alias_match,Ottifanten Ostfriesen Pinball
outlawgolf2,outlaw golf 2,Outlaw Golf 2,unmatched,no_match,complete,low,unmatched_source_alias; demoted_weak_alias_match,Outlaw Golf 2
overclockedeinegeschichtebergewalt,overclocked eine geschichteber gewalt,Overclocked Eine Geschichteber Gewalt,unmatched,no_match,complete,low,unmatched_source_alias; demoted_weak_alias_match,Overclocked Eine Geschichteber Gewalt
overlord,overlord,Overlord,unmatched,no_match,complete,low,unmatched_source_alias; demoted_weak_alias_match,Overlord; Overlord v 1; Overlordv12
punktedisplay,punkte display,PUNKTE display,unmatched,no_match,complete,low,unmatched_source_alias; demoted_weak_alias_match,PUNKTE display
pacificfighters,pacific fighters,Pacific Fighters,unmatched,no_match,complete,low,unmatched_source_alias; demoted_weak_alias_match,Pacific Fighters
pacificfightersstrategiebuch,pacific fighters strategiebuch,Pacific Fighters Strategiebuch,unmatched,no_match,complete,low,unmatched_source_alias; demoted_weak_alias_match,Pacific Fighters Strategiebuch
pacificstorm,pacific storm,Pacific Storm,unmatched,no_match,complete,low,unmatched_source_alias; demoted_weak_alias_match,Pacific Storm v 1; Pacific Stormv14; Pacific Storm
pacificstormallies,pacific storm allies,Pacific Storm Allies,unmatched,no_match,complete,low,unmatched_source_alias; demoted_weak_alias_match,Pacific Storm Allies
pacmanex,pacman ex,Pacman EX,unmatched,no_match,complete,low,unmatched_source_alias; demoted_weak_alias_match,Pacman EX
pangya,pangya,Pangya,unmatched,no_match,complete,low,unmatched_source_alias; demoted_weak_alias_match,Pangya
panzereliteaction,panzer elite action,Panzer Elite Action,unmatched,no_match,complete,low,unmatched_source_alias; demoted_weak_alias_match,Panzer Elite Action
panzereliteactiondunesofwar,panzer elite action dunesof war,Panzer Elite Action Dunesof War,unmatched,no_match,complete,low,unmatched_source_alias; demoted_weak_alias_match,Panzer Elite Action Dunesof War
papierkrieg,papierkrieg,Papierkrieg,unmatched,no_match,complete,low,unmatched_source_alias; demoted_weak_alias_match,Papierkrieg
paraworldboosterpack,para world booster pack,Para World Booster Pack,unmatched,no_match,complete,low,unmatched_source_alias; demoted_weak_alias_match,Para World Booster Pack
paradise,paradise,Paradise,unmatched,no_match,complete,low,unmatched_source_alias; demoted_weak_alias_match,Paradise
paraworld,paraworld,Paraworld,unmatched,no_match,complete,low,unmatched_source_alias; demoted_weak_alias_match,Paraworldv; Paraworld
parentfollowmouse,parent follow mouse,Parent Follow Mouse,unmatched,no_match,complete,low,unmatched_source_alias; demoted_weak_alias_match,Parent Follow Mouse
parentnewgb,parent new gb,Parent New GB,unmatched,no_match,complete,low,unmatched_source_alias; demoted_weak_alias_match,Parent New GB
parentlewegoshopa,parent lewego shopa,Parent lewego shopa,unmatched,no_match,complete,low,unmatched_source_alias; demoted_weak_alias_match,Parent lewego shopa
parentprawegoshopa,parent prawego shopa,Parent prawego shopa,unmatched,no_match,complete,low,unmatched_source_alias; demoted_weak_alias_match,Parent prawego shopa
parentsrodkowegoshopa,parent srodkowego shopa,Parent srodkowego shopa,unmatched,no_match,complete,low,unmatched_source_alias; demoted_weak_alias_match,Parent srodkowego shopa
parenttestowy,parent testowy,Parent testowy,unmatched,no_match,complete,low,unmatched_source_alias; demoted_weak_alias_match,Parent testowy
pariah,pariah,Pariah,unmatched,no_match,complete,low,unmatched_source_alias; demoted_weak_alias_match,Pariah; Pariah v 1
parischase,paris chase,Paris Chase,unmatched,no_match,complete,low,unmatched_source_alias; demoted_weak_alias_match,Paris Chase
pathologic,pathologic,Pathologic,unmatched,no_match,complete,low,unmatched_source_alias; demoted_weak_alias_match,Pathologic
pekkakana,pekka kana,Pekka Kana,unmatched,no_match,complete,low,unmatched_source_alias; demoted_weak_alias_match,Pekka Kana
pentalego,pentalego,Pentalego,unmatched,no_match,complete,low,unmatched_source_alias; demoted_weak_alias_match,Pentalego
penumbrablackplague,penumbra black plague,Penumbra Black Plague,unmatched,no_match,complete,low,unmatched_source_alias; demoted_weak_alias_match,Penumbra Black Plague; Penumbra Black Plague v 1 0; Penumbra Black Plaguev101
penumbraimhalbschatten,penumbra im halbschatten,Penumbra Im Halbschatten,unmatched,no_match,complete,low,unmatched_source_alias; demoted_weak_alias_match,Penumbra Im Halbschatten
performancetest,performance test,Performance Test,unmatched,no_match,complete,low,unmatched_source_alias; demoted_weak_alias_match,Performance Test
perryrhodan,perry rhodan,Perry Rhodan,unmatched,no_match,complete,low,unmatched_source_alias; demoted_weak_alias_match,Perry Rhodan
peterjacksonskingkong,peter jacksons king kong,Peter Jacksons King Kong,unmatched,no_match,complete,low,unmatched_source_alias; demoted_weak_alias_match,Peter Jacksons King Kong
pferdponydiereitakademie,pferd pony die reitakademie,Pferd Pony Die Reitakademie,unmatched,no_match,complete,low,unmatched_source_alias; demoted_weak_alias_match,Pferd Pony Die Reitakademie
pidgin,pidgin,Pidgin,unmatched,no_match,complete,low,unmatched_source_alias; demoted_weak_alias_match,Pidgin
pilihbahasayangakandipakai,pilih bahasa yang akan dipakai,Pilih bahasa yang akan dipakai,unmatched,no_match,complete,low,unmatched_source_alias; demoted_weak_alias_match,Pilih bahasa yang akan dipakai
pilotdown,pilot down,Pilot Down,unmatched,no_match,complete,low,unmatched_source_alias; demoted_weak_alias_match,Pilot Down
pinedpipemania,pined pipe mania,Pined Pipe Mania,unmatched,no_match,complete,low,unmatched_source_alias; demoted_weak_alias_match,Pined Pipe Mania
pingcircus,ping circus,Ping Circus,unmatched,no_match,complete,low,unmatched_source_alias; demoted_weak_alias_match,Ping Circus
pingcosmicdownhill,ping cosmic downhill,Ping Cosmic Downhill,unmatched,no_match,complete,low,unmatched_source_alias; demoted_weak_alias_match,Ping Cosmic Downhill
pingflipper,ping flipper,Ping Flipper,unmatched,no_match,complete,low,unmatched_source_alias; demoted_weak_alias_match,Ping Flipper
pinginvaders,ping invaders,Ping Invaders,unmatched,no_match,complete,low,unmatched_source_alias; demoted_weak_alias_match,Ping Invaders
pingman,ping man,Ping Man,unmatched,no_match,complete,low,unmatched_source_alias; demoted_weak_alias_match,Ping Man
pingpirate,ping pirate,Ping Pirate,unmatched,no_match,complete,low,unmatched_source_alias; demoted_weak_alias_match,Ping Pirate
pingplantophobia,ping plantophobia,Ping Plantophobia,unmatched,no_match,complete,low,unmatched_source_alias; demoted_weak_alias_match,Ping Plantophobia
pingsbasketball,pings basketball,Pings Basketball,unmatched,no_match,complete,low,unmatched_source_alias; demoted_weak_alias_match,Pings Basketball
pingspizza,pings pizza,Pings Pizza,unmatched,no_match,complete,low,unmatched_source_alias; demoted_weak_alias_match,Pings Pizza
pipemania,pipemania,Pipemania,unmatched,no_match,complete,low,unmatched_source_alias; demoted_weak_alias_match,Pipemania
pirategalaxy,pirate galaxy,Pirate Galaxy,unmatched,no_match,complete,low,unmatched_source_alias; demoted_weak_alias_match,Pirate Galaxy
piratenherrscherderkaribik,piraten herrscher der karibik,Piraten Herrscher der Karibik,unmatched,no_match,complete,low,unmatched_source_alias; demoted_weak_alias_match,Piraten Herrscher der Karibik v 1 1 0
pixelzentrierung,pixelzentrierung,Pixelzentrierung,unmatched,no_match,complete,low,unmatched_source_alias; demoted_weak_alias_match,Pixelzentrierung
pizzacommander,pizza commander,Pizza Commander,unmatched,no_match,complete,low,unmatched_source_alias; demoted_weak_alias_match,Pizza Commander
pizzaconnection2,pizza connection 2,Pizza Connection 2,unmatched,no_match,complete,low,unmatched_source_alias; demoted_weak_alias_match,Pizza Connection 2
pizzasyndicate,pizza syndicate,Pizza Syndicate,unmatched,no_match,complete,low,unmatched_source_alias; demoted_weak_alias_match,Pizza Syndicate
platt,platt,Platt!,unmatched,no_match,complete,low,unmatched_source_alias; demoted_weak_alias_match,Platt!
playboythemansion,playboy the mansion,Playboy The Mansion,unmatched,no_match,complete,low,unmatched_source_alias; demoted_weak_alias_match,Playboy The Mansion
pokeracademy,poker academy,Poker Academy,unmatched,no_match,complete,low,unmatched_source_alias; demoted_weak_alias_match,Poker Academy
pokerth,poker th,Poker TH,unmatched,no_match,complete,low,unmatched_source_alias; demoted_weak_alias_match,Poker TH
pokitodasrtselderschlssel,pokito das rtselder schlssel,Pokito Das Rtselder Schlssel,unmatched,no_match,complete,low,unmatched_source_alias; demoted_weak_alias_match,Pokito Das Rtselder Schlssel
policestory,police story,Police Story,unmatched,no_match,complete,low,unmatched_source_alias; demoted_weak_alias_match,Police Story
ponyranch,pony ranch,Pony Ranch,unmatched,no_match,complete,low,unmatched_source_alias; demoted_weak_alias_match,Pony Ranch
portroyale2,port royale 2,Port Royale 2,unmatched,no_match,complete,low,unmatched_source_alias; demoted_weak_alias_match,Port Royale 2
powermanga,power manga,Power Manga,unmatched,no_match,complete,low,unmatched_source_alias; demoted_weak_alias_match,Power Manga
powerscout,power scout,Power Scout,unmatched,no_match,complete,low,unmatched_source_alias; demoted_weak_alias_match,Power Scout
premiumskatdeluxe,premium skatde luxe,Premium Skatde Luxe,unmatched,no_match,complete,low,unmatched_source_alias; demoted_weak_alias_match,Premium Skatde Luxe
primetimederfernsehmanager,prime time der fernsehmanager,Prime Time Der Fernsehmanager,unmatched,no_match,complete,low,unmatched_source_alias; demoted_weak_alias_match,Prime Time Der Fernsehmanager
princeofpersia,prince of persia,Prince of Persia,unmatched,no_match,complete,low,unmatched_source_alias; demoted_weak_alias_match,Prince of Persia
princeofpersia3,prince of persia 3,Prince of Persia 3,unmatched,no_match,complete,low,unmatched_source_alias; demoted_weak_alias_match,Prince of Persia 3
princeofpersiawarriorwithin,prince of persia warrior within,Prince of Persia Warrior Within,unmatched,no_match,complete,low,unmatched_source_alias; demoted_weak_alias_match,Prince of Persia Warrior Within
proevolutionsoccer,pro evolution soccer,Pro Evolution Soccer,unmatched,no_match,complete,low,unmatched_source_alias; demoted_weak_alias_match,Pro Evolution Soccer
proevolutionsoccer4,pro evolution soccer 4,Pro Evolution Soccer 4,unmatched,no_match,complete,low,unmatched_source_alias; demoted_weak_alias_match,Pro Evolution Soccer 4; Pro Evolution Soccer 4 v 1
proevolutionsoccer5,pro evolution soccer 5,Pro Evolution Soccer 5,unmatched,no_match,complete,low,unmatched_source_alias; demoted_weak_alias_match,Pro Evolution Soccer 5
projger,pro jger,Pro Jger,unmatched,no_match,complete,low,unmatched_source_alias; demoted_weak_alias_match,Pro Jger
propinballtimeshock,pro pinball timeshock,Pro Pinball Timeshock,unmatched,no_match,complete,low,unmatched_source_alias; demoted_weak_alias_match,Pro Pinball Timeshock
prostrokegolfworldtour,pro stroke golf world tour,Pro Stroke Golf World Tour,unmatched,no_match,complete,low,unmatched_source_alias; demoted_weak_alias_match,Pro Stroke Golf World Tour
profiecke,profi ecke,Profi Ecke,unmatched,no_match,complete,low,unmatched_source_alias; demoted_weak_alias_match,Profi Ecke
projectfreedom,project freedom,Project Freedom,unmatched,no_match,complete,low,unmatched_source_alias; demoted_weak_alias_match,Project Freedom
projectgothamracing3,project gotham racing 3,Project Gotham Racing 3,unmatched,no_match,complete,low,unmatched_source_alias; demoted_weak_alias_match,Project Gotham Racing 3
projectgothamracing4,project gotham racing 4,Project Gotham Racing 4,unmatched,no_match,complete,low,unmatched_source_alias; demoted_weak_alias_match,Project Gotham Racing 4; Project Gotham Racing4
projectnomads,project nomads,Project Nomads,unmatched,no_match,complete,low,unmatched_source_alias; demoted_weak_alias_match,Project Nomads
projectsnowblind,project snowblind,Project Snowblind,unmatched,no_match,complete,low,unmatched_source_alias; demoted_weak_alias_match,Project Snowblind
psychotoxic,psychotoxic,Psychotoxic,unmatched,no_match,complete,low,unmatched_source_alias; demoted_weak_alias_match,Psychotoxic
pteroglider,pteroglider,Pteroglider,unmatched,no_match,complete,low,unmatched_source_alias; demoted_weak_alias_match,Pteroglider
pulleralarm,pulleralarm,Pulleralarm,unmatched,no_match,complete,low,unmatched_source_alias; demoted_weak_alias_match,Pulleralarm
punktelimit,punktelimit,Punktelimit,unmatched,no_match,complete,low,unmatched_source_alias; demoted_weak_alias_match,Punktelimit
purepinball,pure pinball,Pure Pinball,unmatched,no_match,complete,low,unmatched_source_alias; demoted_weak_alias_match,Pure Pinball
purpsi,purpsi,Purpsi,unmatched,no_match,complete,low,unmatched_source_alias; demoted_weak_alias_match,Purpsi
puzzle,puzzle,Puzzle,unmatched,no_match,complete,low,unmatched_source_alias; demoted_weak_alias_match,Puzzle
pyrotycoon,pyro tycoon,Pyro Tycoon,unmatched,no_match,complete,low,unmatched_source_alias; demoted_weak_alias_match,Pyro Tycoon
quake4,quake 4,Quake 4,unmatched,no_match,complete,low,unmatched_source_alias; demoted_weak_alias_match,Quake 4 v 1 04; Quake 4; Quake 4 v 1
quarry,quarry,Quarry,unmatched,no_match,complete,low,unmatched_source_alias; demoted_weak_alias_match,Quarry
rccars,rc cars,RC Cars,unmatched,no_match,complete,low,unmatched_source_alias; demoted_weak_alias_match,RC Cars
rfonline,rf online,RF Online,unmatched,no_match,complete,low,unmatched_source_alias; demoted_weak_alias_match,RF Online
rightarrow,right arrow,RIGHT ARROW,unmatched,no_match,complete,low,unmatched_source_alias; demoted_weak_alias_match,RIGHT ARROW
rip3thelasthero,rip 3 the last hero,RIP 3 The Last Hero,unmatched,no_match,complete,low,unmatched_source_alias; demoted_weak_alias_match,RIP 3 The Last Hero; RIP3 The Last Hero
rpmtuning,rpm tuning,RPM Tuning,unmatched,no_match,complete,low,unmatched_source_alias; demoted_weak_alias_match,RPM Tuning
rtlracingteammanager,rtl racing team manager,RTL Racing Team Manager,unmatched,no_match,complete,low,unmatched_source_alias; demoted_weak_alias_match,RTLRacing Team Manager; RTL Racing Team Manager v 1; RTLRacing Team Managerv104
racingsimulation2,racing simulation 2,Racing Simulation 2,unmatched,no_match,complete,low,unmatched_source_alias; demoted_weak_alias_match,Racing Simulation 2
radsportmanagerpro,radsport manager pro,Radsport Manager Pro,unmatched,no_match,complete,low,unmatched_source_alias; demoted_weak_alias_match,Radsport Manager Pro; Radsport Manager Pro v 1 0 2
radsportmanagerpro2007,radsport manager pro 2007,Radsport Manager Pro 2007,unmatched,no_match,complete,low,unmatched_source_alias; demoted_weak_alias_match,Radsport Manager Pro 2007; Radsport Manager Pro 2007 v 1 0 1
radsportmanagerproletourdefrance,radsport manager pro le tourde france,Radsport Manager Pro Le Tourde France,unmatched,no_match,complete,low,unmatched_source_alias; demoted_weak_alias_match,Radsport Manager Pro Le Tourde France; Radsport Manager Pro Le Tourde Francev
ragdollkungfu,ragdoll kung fu,Ragdoll Kung Fu,unmatched,no_match,complete,low,unmatched_source_alias; demoted_weak_alias_match,Ragdoll Kung Fu
ragnarok,ragnarok,Ragnarok,unmatched,no_match,complete,low,unmatched_source_alias; demoted_weak_alias_match,Ragnarok
railsimulator,rail simulator,Rail Simulator,unmatched,no_match,complete,low,unmatched_source_alias; demoted_weak_alias_match,Rail Simulator
railroadpioneer,railroad pioneer,Railroad Pioneer,unmatched,no_match,complete,low,unmatched_source_alias; demoted_weak_alias_match,Railroad Pioneer
railroadtycoon2,railroad tycoon 2,Railroad Tycoon 2,unmatched,no_match,complete,low,unmatched_source_alias; demoted_weak_alias_match,Railroad Tycoon 2
rainbowsix4lockdown,rainbow six 4 lockdown,Rainbow Six 4 Lockdown,unmatched,no_match,complete,low,unmatched_source_alias; demoted_weak_alias_match,Rainbow Six 4 Lockdown
rainbowsixcovertopse,rainbow six covert ops e,Rainbow Six Covert Ops E,unmatched,no_match,complete,low,unmatched_source_alias; demoted_weak_alias_match,Rainbow Six Covert Ops E
rainbowsixlockdown,rainbow six lockdown,Rainbow Six Lockdown,unmatched,no_match,complete,low,unmatched_source_alias; demoted_weak_alias_match,Rainbow Six Lockdown
rainbowsixvegas2,rainbow six vegas 2,Rainbow Six Vegas 2,unmatched,no_match,complete,low,unmatched_source_alias; demoted_weak_alias_match,Rainbow Six Vegas 2; Rainbow Six Vegas 2 v 1
ratatouille,ratatouille,Ratatouille,unmatched,no_match,complete,low,unmatched_source_alias; demoted_weak_alias_match,Ratatouille
raymanhoodlumhavoc,rayman hoodlum havoc,Rayman Hoodlum Havoc,unmatched,no_match,complete,low,unmatched_source_alias; demoted_weak_alias_match,Rayman Hoodlum Havoc
raymanravingrabbids,rayman raving rabbids,Rayman Raving Rabbids,unmatched,no_match,complete,low,unmatched_source_alias; demoted_weak_alias_match,Rayman Raving Rabbids
razorgumpfs,razor gumpfs,Razor Gumpfs,unmatched,no_match,complete,low,unmatched_source_alias; demoted_weak_alias_match,Razor Gumpfs
redneckkentuckyandthenextgenerationchickens,redneck kentuckyandthe next generation chickens,Redneck Kentuckyandthe Next Generation Chickens,unmatched,no_match,complete,low,unmatched_source_alias; demoted_weak_alias_match,Redneck Kentuckyandthe Next Generation Chickens
regnumonline,regnum online,Regnum Online,unmatched,no_match,complete,low,unmatched_source_alias; demoted_weak_alias_match,Regnum Online
reisezumzentrumd,reise zum zentrum d,Reise zum Zentrum d,unmatched,no_match,complete,low,unmatched_source_alias; demoted_weak_alias_match,Reise zum Zentrum d
rennyclaus,renny claus,Renny Claus,unmatched,no_match,complete,low,unmatched_source_alias; demoted_weak_alias_match,Renny Claus
rennyclaussnowbombbattle,renny claus snow bomb battle,Renny Claus Snow Bomb Battle,unmatched,no_match,complete,low,unmatched_source_alias; demoted_weak_alias_match,Renny Claus Snow Bomb Battle
rennyclausweihnachtsflipper,renny claus weihnachts flipper,Renny Claus Weihnachts Flipper,unmatched,no_match,complete,low,unmatched_source_alias; demoted_weak_alias_match,Renny Claus Weihnachts Flipper
reprobatesinselderverdammten,reprobates insel der verdammten,Reprobates Insel der Verdammten,unmatched,no_match,complete,low,unmatched_source_alias; demoted_weak_alias_match,Reprobates Insel der Verdammten v 2; Reprobates Inselder Verdammtenv214; Reprobates Insel der Verdammten; Reprobates Inselder Verdammten; Reprobates Insel der Verdammten v 1 3; Reprobates Inselder Verdammtenv133
republiccommando,republic commando,Republic Commando,unmatched,no_match,complete,low,unmatched_source_alias; demoted_weak_alias_match,Republic Commando
restrictedarea,restricted area,Restricted Area,unmatched,no_match,complete,low,unmatched_source_alias; demoted_weak_alias_match,Restricted Area v 1; Restricted Area
restrictedarea1,restricted area 1,Restricted Area 1,unmatched,no_match,complete,low,unmatched_source_alias; demoted_weak_alias_match,Restricted Area 1
retroping,retro ping,Retro Ping,unmatched,no_match,complete,low,unmatched_source_alias; demoted_weak_alias_match,Retro Ping
richardburnsrally,richard burns rally,Richard Burns Rally,unmatched,no_match,complete,low,unmatched_source_alias; demoted_weak_alias_match,Richard Burns Rally v 1
ridgeracer6,ridge racer 6,Ridge Racer 6,unmatched,no_match,complete,low,unmatched_source_alias; demoted_weak_alias_match,Ridge Racer 6
risefall,rise fall,Rise Fall,unmatched,no_match,complete,low,unmatched_source_alias; demoted_weak_alias_match,Rise Fall
risefallcivilizationsatwar,rise fall civilizationsat war,Rise Fall Civilizationsat War,unmatched,no_match,complete,low,unmatched_source_alias; demoted_weak_alias_match,Rise Fall Civilizationsat War
risefallcivilizationsatwarv,rise fall civilizationsat warv,Rise Fall Civilizationsat Warv,unmatched,no_match,complete,low,unmatched_source_alias; demoted_weak_alias_match,Rise Fall Civilizationsat Warv
riseofnationsriseoflegends,riseof nations riseof legends,Riseof Nations Riseof Legends,unmatched,no_match,complete,low,unmatched_source_alias; demoted_weak_alias_match,Riseof Nations Riseof Legends
risingkingdoms,rising kingdoms,Rising Kingdoms,unmatched,no_match,complete,low,unmatched_source_alias; demoted_weak_alias_match,Rising Kingdoms v 1; Rising Kingdoms
rivalchess,rival chess,Rival Chess,unmatched,no_match,complete,low,unmatched_source_alias; demoted_weak_alias_match,Rival Chess
roborumble,robo rumble,Robo Rumble,unmatched,no_match,complete,low,unmatched_source_alias; demoted_weak_alias_match,Robo Rumble
rockstargamesprsentierttischtennis,rockstar gamesprsentiert tischtennis,Rockstar Gamesprsentiert Tischtennis,unmatched,no_match,complete,low,unmatched_source_alias; demoted_weak_alias_match,Rockstar Gamesprsentiert Tischtennis
rockybalboa,rocky balboa,Rocky Balboa,unmatched,no_match,complete,low,unmatched_source_alias; demoted_weak_alias_match,Rocky Balboa
rollerball,roller ball,Roller Ball,unmatched,no_match,complete,low,unmatched_source_alias; demoted_weak_alias_match,Roller Ball
rollercoastertycoon,rollercoaster tycoon,Rollercoaster Tycoon,unmatched,no_match,complete,low,unmatched_source_alias; demoted_weak_alias_match,Rollercoaster Tycoon
rollercoastertycoon3,rollercoaster tycoon 3,Rollercoaster Tycoon 3,unmatched,no_match,complete,low,unmatched_source_alias; demoted_weak_alias_match,Rollercoaster Tycoon 3; Rollercoaster Tycoon 3 v 1
rollercoastertycoon3wild,rollercoaster tycoon 3 wild,Rollercoaster Tycoon 3 Wild,unmatched,no_match,complete,low,unmatched_source_alias; demoted_weak_alias_match,Rollercoaster Tycoon 3 Wild
romanceofthethreekingdoms,romanceofthe three kingdoms,Romanceofthe Three Kingdoms,unmatched,no_match,complete,low,unmatched_source_alias; demoted_weak_alias_match,Romanceofthe Three Kingdoms
romebarbarianinvasion,rome barbarian invasion,Rome Barbarian Invasion,unmatched,no_match,complete,low,unmatched_source_alias; demoted_weak_alias_match,Rome Barbarian Invasion
rometotalwar,rome total war,Rome Total War,unmatched,no_match,complete,low,unmatched_source_alias; demoted_weak_alias_match,Rome Total War v 1
rometotalwaralexander,rome total war alexander,Rome Total War Alexander,unmatched,no_match,complete,low,unmatched_source_alias; demoted_weak_alias_match,Rome Total War Alexander
rossorabbitintrouble,rosso rabbitin trouble,Rosso Rabbitin Trouble,unmatched,no_match,complete,low,unmatched_source_alias; demoted_weak_alias_match,Rosso Rabbitin Trouble
roterbaronherrscherderlfte,roter baron herrscherder lfte,Roter Baron Herrscherder Lfte,unmatched,no_match,complete,low,unmatched_source_alias; demoted_weak_alias_match,Roter Baron Herrscherder Lfte
rubiksclock,rubiks clock,Rubiks Clock,unmatched,no_match,complete,low,unmatched_source_alias; demoted_weak_alias_match,Rubiks Clock
runaway2,runaway 2,Runaway 2,unmatched,no_match,complete,low,unmatched_source_alias; demoted_weak_alias_match,Runaway 2
runawaythedreamoftheturtle,runaway the dream of the turtle,Runaway The Dream Of The Turtle,unmatched,no_match,complete,low,unmatched_source_alias; demoted_weak_alias_match,Runaway The Dreamofthe Turtle; Runaway The Dream Of The Turtle
rundenlimit,rundenlimit,Rundenlimit,unmatched,no_match,complete,low,unmatched_source_alias; demoted_weak_alias_match,Rundenlimit
rundenzeit,rundenzeit,Rundenzeit,unmatched,no_match,complete,low,unmatched_source_alias; demoted_weak_alias_match,Rundenzeit
runesofmagic,runesof magic,Runesof Magic,unmatched,no_match,complete,low,unmatched_source_alias; demoted_weak_alias_match,Runesof Magic
rushforberlin,rush for berlin,Rush for Berlin,unmatched,no_match,complete,low,unmatched_source_alias; demoted_weak_alias_match,Rushfor Berlinv; Rushfor Berlin; Rush for Berlin
spielbeenden,spiel beenden,SPIEL BEENDEN,unmatched,no_match,complete,low,unmatched_source_alias; demoted_weak_alias_match,SPIEL BEENDEN
spielfortsetzen,spiel fortsetzen,SPIEL FORTSETZEN,unmatched,no_match,complete,low,unmatched_source_alias; demoted_weak_alias_match,SPIEL FORTSETZEN
spielverlassen,spiel verlassen,SPIEL VERLASSEN,unmatched,no_match,complete,low,unmatched_source_alias; demoted_weak_alias_match,SPIEL VERLASSEN
spielstandladen,spielstand laden,SPIELSTAND LADEN,unmatched,no_match,complete,low,unmatched_source_alias; demoted_weak_alias_match,SPIELSTAND LADEN
spielstandspeichern,spielstand speichern,SPIELSTAND SPEICHERN,unmatched,no_match,complete,low,unmatched_source_alias; demoted_weak_alias_match,SPIELSTAND SPEICHERN
stalkershadowofchernobyl,stalker shadowof chernobyl,STALKER Shadowof Chernobyl,unmatched,no_match,complete,low,unmatched_source_alias; demoted_weak_alias_match,Stalker Shadowof Chernobylv10005; STALKERShadowof Chernobylv
sacred,sacred,Sacred,unmatched,no_match,complete,low,unmatched_source_alias; demoted_weak_alias_match,Sacred
sacred2fallenangel,sacred 2 fallen angel,Sacred 2 - Fallen Angel,unmatched,no_match,complete,low,unmatched_source_alias; demoted_weak_alias_match,Sacred 2 - Fallen Angel v 2 34 0; Sacred 2 - Fallen Angel
sacredfallenangel,sacred fallen angel,Sacred Fallen Angel,unmatched,no_match,complete,low,unmatched_source_alias; demoted_weak_alias_match,Sacred Fallen Angel
sacredunderworld,sacred underworld,Sacred Underworld,unmatched,no_match,complete,low,unmatched_source_alias; demoted_weak_alias_match,Sacred Underworld
saintsrow,saint s row,Saint's Row,unmatched,no_match,complete,low,unmatched_source_alias; demoted_weak_alias_match,Saint's Row
santaclausintrouble,santa claus in trouble,Santa Claus in Trouble,unmatched,no_match,complete,low,unmatched_source_alias; demoted_weak_alias_match,Santa Claus in Trouble
sataan,sataan,Sataan,unmatched,no_match,complete,low,unmatched_source_alias; demoted_weak_alias_match,Sataan
sataandasspiel,sataan das spiel,Sataan Das Spiel,unmatched,no_match,complete,low,unmatched_source_alias; demoted_weak_alias_match,Sataan Das Spiel v 1
schatten,schatten,Schatten,unmatched,no_match,complete,low,unmatched_source_alias; demoted_weak_alias_match,Schatten
schiffsimulator,schiff simulator,Schiff Simulator,unmatched,no_match,complete,low,unmatched_source_alias; demoted_weak_alias_match,Schiff Simulator
schiffbruch,schiffbruch,Schiffbruch,unmatched,no_match,complete,low,unmatched_source_alias; demoted_weak_alias_match,Schiffbruch
schiffeversenken,schiffe versenken,Schiffe versenken,unmatched,no_match,complete,low,unmatched_source_alias; demoted_weak_alias_match,Schiffe versenken
schlachtummittelerde1,schlacht um mittelerde 1,Schlacht um Mittelerde 1,unmatched,no_match,complete,low,unmatched_source_alias; demoted_weak_alias_match,Schlacht um Mittelerde 1
schnappidaskl,schnappi das kl,Schnappi Das kl,unmatched,no_match,complete,low,unmatched_source_alias; demoted_weak_alias_match,Schnappi Das kl
schnappidaskleinekrokodilxs,schnappi das kleine krokodil xs,Schnappi Das kleine Krokodil XS,unmatched,no_match,complete,low,unmatched_source_alias; demoted_weak_alias_match,Schnappi Das kleine Krokodil XS
schneehuhn,schneehuhn,Schneehuhn,unmatched,no_match,complete,low,unmatched_source_alias; demoted_weak_alias_match,Schneehuhn
scorchedd,scorched d,Scorched D,unmatched,no_match,complete,low,unmatched_source_alias; demoted_weak_alias_match,Scorched D
scrapland,scrapland,Scrapland,unmatched,no_match,complete,low,unmatched_source_alias; demoted_weak_alias_match,Scrapland
scratches,scratches,Scratches,unmatched,no_match,complete,low,unmatched_source_alias; demoted_weak_alias_match,Scratches
seawolves,sea wolves,Sea Wolves,unmatched,no_match,complete,low,unmatched_source_alias; demoted_weak_alias_match,Sea Wolves
secondsight,second sight,Second Sight,unmatched,no_match,complete,low,unmatched_source_alias; demoted_weak_alias_match,Second Sight
segarally,sega rally,Sega Rally,unmatched,no_match,complete,low,unmatched_source_alias; demoted_weak_alias_match,Sega Rally
segelflugsimulatorsailorsofthesky,segelflug simulator sailorsofthe sky,Segelflug Simulator Sailorsofthe Sky,unmatched,no_match,complete,low,unmatched_source_alias; demoted_weak_alias_match,Segelflug Simulator Sailorsofthe Sky
sensiblesoccer,sensible soccer,Sensible Soccer,unmatched,no_match,complete,low,unmatched_source_alias; demoted_weak_alias_match,Sensible Soccer
sentinelverborg,sentinel verborg,Sentinel Verborg,unmatched,no_match,complete,low,unmatched_source_alias; demoted_weak_alias_match,Sentinel Verborg
serioussam2,serious sam 2,Serious Sam 2,unmatched,no_match,complete,low,unmatched_source_alias; demoted_weak_alias_match,Serious Sam 2
sevenkingdomsconquest,seven kingdoms conquest,Seven Kingdoms Conquest,unmatched,no_match,complete,low,unmatched_source_alias; demoted_weak_alias_match,Seven Kingdoms Conquest v 1; Seven Kingdoms Conquestv104
shadezornderengel,shade zorn der engel,Shade Zorn der Engel,unmatched,no_match,complete,low,unmatched_source_alias; demoted_weak_alias_match,Shade Zorn der Engel
shadowcompany,shadow company,Shadow Company,unmatched,no_match,complete,low,unmatched_source_alias; demoted_weak_alias_match,Shadow Company
shadowman,shadow man,Shadow Man,unmatched,no_match,complete,low,unmatched_source_alias; demoted_weak_alias_match,Shadow Man
shadowopsredmercury,shadow ops red mercury,Shadow Ops Red Mercury,unmatched,no_match,complete,low,unmatched_source_alias; demoted_weak_alias_match,Shadow Ops Red Mercury
shadowgrounds,shadowgrounds,Shadowgrounds,unmatched,no_match,complete,low,unmatched_source_alias; demoted_weak_alias_match,Shadowgrounds
sheep,sheep,Sheep,unmatched,no_match,complete,low,unmatched_source_alias; demoted_weak_alias_match,Sheep
sherlockholmes,sherlock holmes,Sherlock Holmes,unmatched,no_match,complete,low,unmatched_source_alias; demoted_weak_alias_match,Sherlock Holmes
sherlockholmesdasgeheimnisdessilbernenohrrings,sherlock holmes das geheimnisdessilbernen ohrrings,Sherlock Holmes Das Geheimnisdessilbernen Ohrrings,unmatched,no_match,complete,low,unmatched_source_alias; demoted_weak_alias_match,Sherlock Holmes Das Geheimnisdessilbernen Ohrrings
sherlockholmesdiespurdererwachten,sherlock holmes die spurder erwachten,Sherlock Holmes Die Spurder Erwachten,unmatched,no_match,complete,low,unmatched_source_alias; demoted_weak_alias_match,Sherlock Holmes Die Spurder Erwachten; Sherlock Holmes Die Spurder Erwachtenv
shoottheroach,shoot the roach,Shoot the Roach,unmatched,no_match,complete,low,unmatched_source_alias; demoted_weak_alias_match,Shoot the Roach
shotonline,shot online,Shot Online,unmatched,no_match,complete,low,unmatched_source_alias; demoted_weak_alias_match,Shot Online
showathletics,show athletics,Show Athletics,unmatched,no_match,complete,low,unmatched_source_alias; demoted_weak_alias_match,Show Athletics
showgewehre,show gewehre,Show GEWEHRE,unmatched,no_match,complete,low,unmatched_source_alias; demoted_weak_alias_match,Show GEWEHRE
showkampf,show kampf,Show KAMPF,unmatched,no_match,complete,low,unmatched_source_alias; demoted_weak_alias_match,Show KAMPF
showmachinenpistolen,show machinenpistolen,Show MACHINENPISTOLEN,unmatched,no_match,complete,low,unmatched_source_alias; demoted_weak_alias_match,Show MACHINENPISTOLEN
shownahkampf,show nahkampf,Show NAHKAMPF,unmatched,no_match,complete,low,unmatched_source_alias; demoted_weak_alias_match,Show NAHKAMPF
showpistolen,show pistolen,Show PISTOLEN,unmatched,no_match,complete,low,unmatched_source_alias; demoted_weak_alias_match,Show PISTOLEN
showschottflinten,show schottflinten,Show SCHOTTFLINTEN,unmatched,no_match,complete,low,unmatched_source_alias; demoted_weak_alias_match,Show SCHOTTFLINTEN
showtarnung,show tarnung,Show TARNUNG,unmatched,no_match,complete,low,unmatched_source_alias; demoted_weak_alias_match,Show TARNUNG
showtechnik,show technik,Show TECHNIK,unmatched,no_match,complete,low,unmatched_source_alias; demoted_weak_alias_match,Show TECHNIK
shrekderdritte,shrekder dritte,Shrekder Dritte,unmatched,no_match,complete,low,unmatched_source_alias; demoted_weak_alias_match,Shrekder Dritte
sidmeierscivilization4fallfromheaven20,sid meier s civilization 4 fall from heaven 2 0,Sid Meier's Civilization 4 - Fall from Heaven 2 0,unmatched,no_match,complete,low,unmatched_source_alias; demoted_weak_alias_match,Sid Meier's Civilization 4 - Fall from Heaven 2 0
sidmeierscivilization4beyondthesword,sid meier s civilization iv beyond the sword,Sid Meier's Civilization IV: Beyond the Sword,unmatched,no_match,complete,low,unmatched_source_alias; demoted_weak_alias_match,Civilization 4 Beyond the Sword v 3; Civilization4 Beyondthe Swordv317; Sid Meiers Civilization Beyond The Sword; Sid Meiers Civilization4 Beyondthe Swordv303
sidmeierspirates,sid meier s pirates,Sid Meier's Pirates!,unmatched,no_match,complete,low,unmatched_source_alias; demoted_weak_alias_match,Sid Meier's Pirates; Sid Meier's Pirates!
sidmeiersrailroads,sid meiers railroads,Sid Meiers Railroads,unmatched,no_match,complete,low,unmatched_source_alias; demoted_weak_alias_match,Sid Meiers Railroads; Sid Meiers Railroadsv
siegeofavalon,siege of avalon,Siege of Avalon,unmatched,no_match,complete,low,unmatched_source_alias; demoted_weak_alias_match,Siege of Avalon
silenthunter3,silent hunter 3,Silent Hunter 3,unmatched,no_match,complete,low,unmatched_source_alias; demoted_weak_alias_match,Silent Hunter 3; Silent Hunter 3 v 1
silenthunter4wolvesofthepacific,silent hunter 4 wolves of the pacific,Silent Hunter 4: Wolves of the Pacific,unmatched,no_match,complete,low,unmatched_source_alias; demoted_weak_alias_match,Silent Hunter Wolves Of The Pacific; Silent Hunter Wolves Of The Pacificv; Silent Hunter Wolvesofthe Pacificv; Silent Hunter4 Wolvesofthe Pacificv12
silverwings,silver wings,Silver Wings,unmatched,no_match,complete,low,unmatched_source_alias; demoted_weak_alias_match,Silver Wings
silverfall,silverfall,Silverfall,unmatched,no_match,complete,low,unmatched_source_alias; demoted_weak_alias_match,Silverfall; Silverfallv
silverfallwchterderelemente,silverfall wchterder elemente,Silverfall Wchterder Elemente,unmatched,no_match,complete,low,unmatched_source_alias; demoted_weak_alias_match,Silverfall Wchterder Elemente
simcitysocieties,sim city societies,Sim City Societies,unmatched,no_match,complete,low,unmatched_source_alias; demoted_weak_alias_match,Sim City Societies v 1 02; Sim City Societiesv102119; Sim City Societies v 1 03; Sim City Societiesv103140; Sim City Societies
singles2wildezeiten,singles 2 wilde zeiten,Singles 2 Wilde Zeiten,unmatched,no_match,complete,low,unmatched_source_alias; demoted_weak_alias_match,Singles 2 Wilde Zeiten
singlesflirtupyourlife,singles flirt up your life,Singles Flirt up your Life,unmatched,no_match,complete,low,unmatched_source_alias; demoted_weak_alias_match,Singles Flirt up your Life
sinistarunleashed,sini star unleashed,Sini Star Unleashed,unmatched,no_match,complete,low,unmatched_source_alias; demoted_weak_alias_match,Sini Star Unleashed
sinkingislandmordimparadies,sinking island mord im paradies,Sinking Island Mord im Paradies,unmatched,no_match,complete,low,unmatched_source_alias; demoted_weak_alias_match,Sinking Island Mord im Paradies; Sinking Island Mordim Paradies
sinsofasolarempire,sinsofa solar empire,Sinsofa Solar Empire,unmatched,no_match,complete,low,unmatched_source_alias; demoted_weak_alias_match,Sinsofa Solar Empire
skate,skate,Skate,unmatched,no_match,complete,low,unmatched_source_alias; demoted_weak_alias_match,Skate
skialpinracingbodemillervshermannmaier,ski alpin racing bode millervs hermann maier,Ski Alpin Racing Bode Millervs Hermann Maier,unmatched,no_match,complete,low,unmatched_source_alias; demoted_weak_alias_match,Ski Alpin Racing Bode Millervs Hermann Maier
skichallenge,ski challenge,Ski Challenge,unmatched,no_match,complete,low,unmatched_source_alias; demoted_weak_alias_match,Ski Challenge
skixtreme,ski xtreme,Ski Xtreme,unmatched,no_match,complete,low,unmatched_source_alias; demoted_weak_alias_match,Ski Xtreme
slapshotunderground,slapshot underground,Slapshot Underground,unmatched,no_match,complete,low,unmatched_source_alias; demoted_weak_alias_match,Slapshot Underground
slowdown,slowdown,Slowdown,unmatched,no_match,complete,low,unmatched_source_alias; demoted_weak_alias_match,Slowdown
smashonline,smash online,Smash Online,unmatched,no_match,complete,low,unmatched_source_alias; demoted_weak_alias_match,Smashonline; Smash Online
snowbombbattle,snow bomb battle,Snow Bomb Battle,unmatched,no_match,complete,low,unmatched_source_alias; demoted_weak_alias_match,Snow Bomb Battle
soblonde,so blonde,So Blonde,unmatched,no_match,complete,low,unmatched_source_alias; demoted_weak_alias_match,So Blonde
soeldnersecretwars,soeldner secret wars,Soeldner Secret Wars,unmatched,no_match,complete,low,unmatched_source_alias; demoted_weak_alias_match,Soeldner Secret Wars
solitaire,solitaire,Solitaire,unmatched,no_match,complete,low,unmatched_source_alias; demoted_weak_alias_match,Solitaire
sonicheroes,sonic heroes,Sonic Heroes,unmatched,no_match,complete,low,unmatched_source_alias; demoted_weak_alias_match,Sonic Heroes
sonicriders,sonic riders,Sonic Riders,unmatched,no_match,complete,low,unmatched_source_alias; demoted_weak_alias_match,Sonic Riders
sonyplaystationhome,sony playstation home,Sony Playstation Home,unmatched,no_match,complete,low,unmatched_source_alias; demoted_weak_alias_match,Sony Playstation Home
spacecorpsarmageddon,space corps armageddon,Space Corps Armageddon,unmatched,no_match,complete,low,unmatched_source_alias; demoted_weak_alias_match,Space Corps Armageddon
spacehockey,space hockey,Space Hockey,unmatched,no_match,complete,low,unmatched_source_alias; demoted_weak_alias_match,Space Hockey
spacepong,space pong,Space Pong,unmatched,no_match,complete,low,unmatched_source_alias; demoted_weak_alias_match,Space Pong
spaceraider,space raider,Space Raider,unmatched,no_match,complete,low,unmatched_source_alias; demoted_weak_alias_match,Space Raider
spacerangers,space rangers,Space Rangers,unmatched,no_match,complete,low,unmatched_source_alias; demoted_weak_alias_match,Space Rangers
spacerangersdominators,space rangers dominators,Space Rangers Dominators,unmatched,no_match,complete,low,unmatched_source_alias; demoted_weak_alias_match,Space Rangers Dominators
spacesiege,space siege,Space Siege,unmatched,no_match,complete,low,unmatched_source_alias; demoted_weak_alias_match,Space Siege
speedbowling,speed bowling,Speed Bowling,unmatched,no_match,complete,low,unmatched_source_alias; demoted_weak_alias_match,Speed Bowling
speeddarting,speed darting,Speed Darting,unmatched,no_match,complete,low,unmatched_source_alias; demoted_weak_alias_match,Speed Darting
speedball,speedball,Speedball,unmatched,no_match,complete,low,unmatched_source_alias; demoted_weak_alias_match,Speedball
speedball2,speedball 2,Speedball 2,unmatched,no_match,complete,low,unmatched_source_alias; demoted_weak_alias_match,Speedball 2; Speedball2
speedball2tournament,speedball 2 tournament,Speedball 2 Tournament,unmatched,no_match,complete,low,unmatched_source_alias; demoted_weak_alias_match,Speedball 2 Tournament; Speedball2 Tournament
speedblox,speedblox,Speedblox,unmatched,no_match,complete,low,unmatched_source_alias; demoted_weak_alias_match,Speedblox
speedcards,speedcards,Speedcards,unmatched,no_match,complete,low,unmatched_source_alias; demoted_weak_alias_match,Speedcards
speedmayangderschatzdermayas,speedmayang der schatzder mayas,Speedmayang Der Schatzder Mayas,unmatched,no_match,complete,low,unmatched_source_alias; demoted_weak_alias_match,Speedmayang Der Schatzder Mayas
speedpasch,speedpasch,Speedpasch,unmatched,no_match,complete,low,unmatched_source_alias; demoted_weak_alias_match,Speedpasch
speedpyramid,speedpyramid,Speedpyramid,unmatched,no_match,complete,low,unmatched_source_alias; demoted_weak_alias_match,Speedpyramid
speedsolitaire,speedsolitaire,Speedsolitaire,unmatched,no_match,complete,low,unmatched_source_alias; demoted_weak_alias_match,Speedsolitaire
speedsudoku,speedsudoku,Speedsudoku,unmatched,no_match,complete,low,unmatched_source_alias; demoted_weak_alias_match,Speedsudoku
speedtrain,speedtrain,Speedtrain,unmatched,no_match,complete,low,unmatched_source_alias; demoted_weak_alias_match,Speedtrain
spellforce2,spellforce 2,Spellforce 2,unmatched,no_match,complete,low,unmatched_source_alias; demoted_weak_alias_match,Spellforce 2
spellforce2dragonstorm,spellforce 2 dragon storm,Spellforce 2 Dragon Storm,unmatched,no_match,complete,low,unmatched_source_alias; demoted_weak_alias_match,Spellforce 2 Dragon Storm v 2; Spellforce2 Dragon Stormv201
spellforce2shadowwars,spellforce 2 shadow wars,Spellforce 2 Shadow Wars,unmatched,no_match,complete,low,unmatched_source_alias; demoted_weak_alias_match,Spellforce 2 Shadow Wars
spellforceshadowwars,spellforce shadow wars,Spellforce Shadow Wars,unmatched,no_match,complete,low,unmatched_source_alias; demoted_weak_alias_match,Spellforce Shadow Wars
spezial,spezial,Spezial,unmatched,no_match,complete,low,unmatched_source_alias; demoted_weak_alias_match,Spezial
sphere,sphere,Sphere,unmatched,no_match,complete,low,unmatched_source_alias; demoted_weak_alias_match,Sphere
spiderman,spider man,Spider Man,unmatched,no_match,complete,low,unmatched_source_alias; demoted_weak_alias_match,Spider Man
spidermanfreundoderfeind,spider man freundoder feind,Spider Man Freundoder Feind,unmatched,no_match,complete,low,unmatched_source_alias; demoted_weak_alias_match,Spider Man Freundoder Feind
spielfigur,spielfigur,Spielfigur,unmatched,no_match,complete,low,unmatched_source_alias; demoted_weak_alias_match,Spielfigur
splintercellchaostheory,splinter cell chaos theory,Splinter Cell Chaos Theory,unmatched,no_match,complete,low,unmatched_source_alias; demoted_weak_alias_match,Splinter Cell Chaos Theory
splintercellschaostheory,splinter cell s chaos theory,Splinter Cell's Chaos Theory,unmatched,no_match,complete,low,unmatched_source_alias; demoted_weak_alias_match,Splinter Cell's Chaos Theory
spore,spore,Spore,unmatched,no_match,complete,low,unmatched_source_alias; demoted_weak_alias_match,Spore
sporelaborkreaturendesigner,spore labor kreaturen designer,Spore Labor Kreaturen Designer,unmatched,no_match,complete,low,unmatched_source_alias; demoted_weak_alias_match,Spore Labor Kreaturen Designer
sportschiessen,sportschiessen,Sportschiessen,unmatched,no_match,complete,low,unmatched_source_alias; demoted_weak_alias_match,Sportschiessen
squirm,squirm,Squirm,unmatched,no_match,complete,low,unmatched_source_alias; demoted_weak_alias_match,Squirm
starassault,star assault,Star Assault,unmatched,no_match,complete,low,unmatched_source_alias; demoted_weak_alias_match,Star Assault
starcraft,star craft,Star Craft,unmatched,no_match,complete,low,unmatched_source_alias; demoted_weak_alias_match,Star Craft
starwars,star wars,Star Wars,unmatched,no_match,complete,low,unmatched_source_alias; demoted_weak_alias_match,Star Wars
starwarsbattlefront,star wars battlefront,Star Wars Battlefront,unmatched,no_match,complete,low,unmatched_source_alias; demoted_weak_alias_match,Star Wars Battlefront v 1; Star Wars Battlefrontv
starwarsempireatwarforcesofcorruption,star wars empireat war forcesof corruption,Star Wars Empireat War Forcesof Corruption,unmatched,no_match,complete,low,unmatched_source_alias; demoted_weak_alias_match,Star Wars Empireat War Forcesof Corruption
starwarsempireatwarv,star wars empireat warv,Star Wars Empireat Warv,unmatched,no_match,complete,low,unmatched_source_alias; demoted_weak_alias_match,Star Wars Empireat Warv
starwarsrep,star wars rep,Star Wars Rep,unmatched,no_match,complete,low,unmatched_source_alias; demoted_weak_alias_match,Star Wars Rep
starlightracing,starlight racing,Starlight Racing,unmatched,no_match,complete,low,unmatched_source_alias; demoted_weak_alias_match,Starlight Racing
starskyandhutch,starsky and hutch,Starsky & Hutch,unmatched,no_match,complete,low,unmatched_source_alias; demoted_weak_alias_match,Starsky & Hutch
startgeld,startgeld,Startgeld,unmatched,no_match,complete,low,unmatched_source_alias; demoted_weak_alias_match,Startgeld
startzeit,startzeit,Startzeit,unmatched,no_match,complete,low,unmatched_source_alias; demoted_weak_alias_match,Startzeit
steelsaviour,steel saviour,Steel Saviour,unmatched,no_match,complete,low,unmatched_source_alias; demoted_weak_alias_match,Steel Saviour
stilllifespecialedition,still life special edition,Still Life Special Edition,unmatched,no_match,complete,low,unmatched_source_alias; demoted_weak_alias_match,Still Life Special Edition
stonechecker,stonechecker,Stonechecker,unmatched,no_match,complete,low,unmatched_source_alias; demoted_weak_alias_match,Stonechecker
stonechecker3,stonechecker 3,Stonechecker 3,unmatched,no_match,complete,low,unmatched_source_alias; demoted_weak_alias_match,Stonechecker 3
strombergbroistkrieg,stromberg broist krieg,Stromberg Broist Krieg,unmatched,no_match,complete,low,unmatched_source_alias; demoted_weak_alias_match,Stromberg Broist Krieg
suddenstrike3armsforvictory,sudden strike 3 arms for victory,Sudden Strike 3 Arms for Victory,unmatched,no_match,complete,low,unmatched_source_alias; demoted_weak_alias_match,Sudden Strike 3 Arms for Victory v 1; Sudden Strike3 Armsfor Victoryv131
sudokomeister,sudoko meister,Sudoko Meister,unmatched,no_match,complete,low,unmatched_source_alias; demoted_weak_alias_match,Sudoko Meister
sunrisethegame,sunrise the game,Sunrise The Game,unmatched,no_match,complete,low,unmatched_source_alias; demoted_weak_alias_match,Sunrise The Game
supernautica,super nautica,Super Nautica,unmatched,no_match,complete,low,unmatched_source_alias; demoted_weak_alias_match,Super Nautica
supremecommanderforgedalliance,supreme commander forged alliance,Supreme Commander Forged Alliance,unmatched,no_match,complete,low,unmatched_source_alias; demoted_weak_alias_match,Supreme Commander Forged Alliance
surfattack,surf attack,Surf Attack,unmatched,no_match,complete,low,unmatched_source_alias; demoted_weak_alias_match,Surf Attack
svenkommt,sven kommt,Sven kommt,unmatched,no_match,complete,low,unmatched_source_alias; demoted_weak_alias_match,Sven kommt
switchfire,switchfire,Switchfire,unmatched,no_match,complete,low,unmatched_source_alias; demoted_weak_alias_match,Switchfire
takatis,takatis,Takatis,unmatched,no_match,complete,low,unmatched_source_alias; demoted_weak_alias_match,Takatis
taleofahero,taleofa hero,Taleofa Hero,unmatched,no_match,complete,low,unmatched_source_alias; demoted_weak_alias_match,Taleofa Hero
taxi3extremerush,taxi 3 extreme rush,Taxi 3 Extreme Rush,unmatched,no_match,complete,low,unmatched_source_alias; demoted_weak_alias_match,Taxi 3 Extreme Rush
taxiraser,taxi raser,Taxi Raser,unmatched,no_match,complete,low,unmatched_source_alias; demoted_weak_alias_match,Taxi Raser
teamhawaiidoublecrossfire,team hawaii double crossfire,Team Hawaii Double Crossfire,unmatched,no_match,complete,low,unmatched_source_alias; demoted_weak_alias_match,Team Hawaii Double Crossfire
teamhawaiieifelrun,team hawaii eifel run,Team Hawaii Eifel Run,unmatched,no_match,complete,low,unmatched_source_alias; demoted_weak_alias_match,Team Hawaii Eifel Run
teamauswahl,teamauswahl,Teamauswahl,unmatched,no_match,complete,low,unmatched_source_alias; demoted_weak_alias_match,Teamauswahl
telldasspielzumfilm,tell das spielzum film,Tell Das Spielzum Film,unmatched,no_match,complete,low,unmatched_source_alias; demoted_weak_alias_match,Tell Das Spielzum Film
theavastar,the avastar,The Avastar,unmatched,no_match,complete,low,unmatched_source_alias; demoted_weak_alias_match,The Avastar
theavastarzeitungfrsecondlife,the avastar zeitungfr second life,The Avastar Zeitungfr Second Life,unmatched,no_match,complete,low,unmatched_source_alias; demoted_weak_alias_match,The Avastar Zeitungfr Second Life
thecleaner,the cleaner,The Cleaner,unmatched,no_match,complete,low,unmatched_source_alias; demoted_weak_alias_match,The Cleaner v5
thesagaofryzom,the sagaof ryzom,The Sagaof Ryzom,unmatched,no_match,complete,low,unmatched_source_alias; demoted_weak_alias_match,The Sagaof Ryzom
thesecretofadisland,the secretof ad island,The Secretof Ad Island,unmatched,no_match,complete,low,unmatched_source_alias; demoted_weak_alias_match,The Secretof Ad Island
thesecretsofdavinci,the secretsof da vinci,The Secretsof Da Vinci,unmatched,no_match,complete,low,unmatched_source_alias; demoted_weak_alias_match,The Secretsof Da Vinci
theshow,the show,The Show,unmatched,no_match,complete,low,unmatched_source_alias; demoted_weak_alias_match,The Show
theatreofwar,theatreof war,Theatreof War,unmatched,no_match,complete,low,unmatched_source_alias; demoted_weak_alias_match,Theatreof War
theseusreturnofthehero,theseus returnofthe hero,Theseus Returnofthe Hero,unmatched,no_match,complete,low,unmatched_source_alias; demoted_weak_alias_match,Theseus Returnofthe Hero
thirstypunk,thirsty punk,Thirsty Punk,unmatched,no_match,complete,low,unmatched_source_alias; demoted_weak_alias_match,Thirsty Punk
thrillvilleverrckteachterbahn,thrillville verrckte achterbahn,Thrillville Verrckte Achterbahn,unmatched,no_match,complete,low,unmatched_source_alias; demoted_weak_alias_match,Thrillville Verrckte Achterbahn
tigerwoodspgatour2005,tiger woods pga tour 2005,Tiger Woods PGA Tour 2005,unmatched,no_match,complete,low,unmatched_source_alias; demoted_weak_alias_match,Tiger Woods PGA Tour 2005
timanfayaverschollenindenfeuerbergen,timanfaya verschollen in den feuerbergen,Timanfaya Verschollen in den Feuerbergen,unmatched,no_match,complete,low,unmatched_source_alias; demoted_weak_alias_match,Timanfaya Verschollen in den Feuerbergen; Timanfaya Verscholleninden Feuerbergen
tipseinblenden,tips einblenden,Tips einblenden,unmatched,no_match,complete,low,unmatched_source_alias; demoted_weak_alias_match,Tips einblenden
tischfuball,tischfuball,Tischfuball,unmatched,no_match,complete,low,unmatched_source_alias; demoted_weak_alias_match,Tischfuball
tomclancysghostrecon2,tom clancy s ghost recon 2,Tom Clancy's Ghost Recon 2,unmatched,no_match,complete,low,unmatched_source_alias; demoted_weak_alias_match,Tom Clancy's Ghost Recon 2
tomclancysghostreconadvancedwarfighter2,tom clancy s ghost recon advanced warfighter 2,Tom Clancy's Ghost Recon Advanced Warfighter 2,unmatched,no_match,complete,low,unmatched_source_alias; demoted_weak_alias_match,Tom Clancy's Ghost Recon Advanced Warfighter 2; Tom Clancy's Ghost Recon Advanced Warfighter 2 v 1
tomclancyssplintercellchaostheory,tom clancy s splinter cell chaos theory,Tom Clancy's Splinter Cell Chaos Theory,unmatched,no_match,complete,low,unmatched_source_alias; demoted_weak_alias_match,Tom Clancy's Splinter Cell Chaos Theory
tomclancysghostreconadvancedwarfighter,tom clancys ghost recon advanced warfighter,Tom Clancys Ghost Recon Advanced Warfighter,unmatched,no_match,complete,low,unmatched_source_alias; demoted_weak_alias_match,Tom Clancys Ghost Recon Advanced Warfighter; Tom Clancy's Ghost Recon Advanced Warfighter; Tom Clancys Ghost Recon Advanced Warfighterv
tomclancysrainbowsixvegas,tom clancys rainbow six vegas,Tom Clancys Rainbow Six Vegas,unmatched,no_match,complete,low,unmatched_source_alias; demoted_weak_alias_match,Tom Clancys Rainbow Six Vegas; Tom Clancys Rainbow Six Vegasv; Tom Clancys Rainbow Six Vegasv105
tomclancyssplintercell,tom clancys splinter cell,Tom Clancys Splinter Cell,unmatched,no_match,complete,low,unmatched_source_alias; demoted_weak_alias_match,Tom Clancys Splinter Cell
tomclancyssplintercellconviction,tom clancys splinter cell conviction,Tom Clancys Splinter Cell Conviction,unmatched,no_match,complete,low,unmatched_source_alias; demoted_weak_alias_match,Tom Clancys Splinter Cell Conviction
tomclancyssplintercelldoubleagent,tom clancys splinter cell double agent,Tom Clancys Splinter Cell Double Agent,unmatched,no_match,complete,low,unmatched_source_alias; demoted_weak_alias_match,Tom Clancys Splinter Cell Double Agentv; Tom Clancys Splinter Cell Double Agent
tomclancyssplintercellpandoratomorrow,tom clancys splinter cell pandora tomorrow,Tom Clancys Splinter Cell Pandora Tomorrow,unmatched,no_match,complete,low,unmatched_source_alias; demoted_weak_alias_match,Tom Clancys Splinter Cell Pandora Tomorrow
tombraider,tomb raider,Tomb Raider,unmatched,no_match,complete,low,unmatched_source_alias; demoted_weak_alias_match,Tomb Raider
tombraiderunderworld,tomb raider underworld,Tomb Raider - Underworld,unmatched,no_match,complete,low,unmatched_source_alias; demoted_weak_alias_match,Tomb Raider - Underworld; Tomb Raider - Underworld v 1
tombraider2,tomb raider 2,Tomb Raider 2,unmatched,no_match,complete,low,unmatched_source_alias; demoted_weak_alias_match,Tomb Raider 2
tombraider3,tomb raider 3,Tomb Raider 3,unmatched,no_match,complete,low,unmatched_source_alias; demoted_weak_alias_match,Tomb Raider 3
tombraider4thelastrevelation,tomb raider 4 the last revelation,Tomb Raider 4 The Last Revelation,unmatched,no_match,complete,low,unmatched_source_alias; demoted_weak_alias_match,Tomb Raider 4 The Last Revelation
tombraideranniversary,tomb raider anniversary,Tomb Raider Anniversary,unmatched,no_match,complete,low,unmatched_source_alias; demoted_weak_alias_match,Tomb Raider Anniversary
tombraiderlegend,tomb raider legend,Tomb Raider Legend,unmatched,no_match,complete,low,unmatched_source_alias; demoted_weak_alias_match,Tomb Raider Legendv; Tomb Raider Legend
tonyhawkunderground2,tony hawk underground 2,Tony Hawk Underground 2,unmatched,no_match,complete,low,unmatched_source_alias; demoted_weak_alias_match,Tony Hawk Underground 2
tonyhawksproject,tony hawks project,Tony Hawks Project,unmatched,no_match,complete,low,unmatched_source_alias; demoted_weak_alias_match,Tony Hawks Project
tonyhawksprovingground,tony hawks proving ground,Tony Hawks Proving Ground,unmatched,no_match,complete,low,unmatched_source_alias; demoted_weak_alias_match,Tony Hawks Proving Ground
topspin,top spin,Top Spin,unmatched,no_match,complete,low,unmatched_source_alias; demoted_weak_alias_match,Top Spin
torchance,torchance,Torchance,unmatched,no_match,complete,low,unmatched_source_alias; demoted_weak_alias_match,Torchance
tortugatwotreasures,tortuga two treasures,Tortuga Two Treasures,unmatched,no_match,complete,low,unmatched_source_alias; demoted_weak_alias_match,Tortuga Two Treasures
torustrooper,torus trooper,Torus Trooper,unmatched,no_match,complete,low,unmatched_source_alias; demoted_weak_alias_match,Torus Trooper
totaloverdose,total overdose,Total Overdose,unmatched,no_match,complete,low,unmatched_source_alias; demoted_weak_alias_match,Total Overdose
toucan,toucan,Toucan,unmatched,no_match,complete,low,unmatched_source_alias; demoted_weak_alias_match,Toucan
trackmania,trackmania,Trackmania,unmatched,no_match,complete,low,unmatched_source_alias; demoted_weak_alias_match,Trackmania v 1 50 1; Trackmaniav150152
trackmanianations,trackmania nations,Trackmania Nations,unmatched,no_match,complete,low,unmatched_source_alias; demoted_weak_alias_match,Trackmania Nations
trackmanianationseswc,trackmania nations eswc,Trackmania Nations ESWC,unmatched,no_match,complete,low,unmatched_source_alias; demoted_weak_alias_match,Trackmania Nations ESWC
trackmanianationsforever,trackmania nations forever,Trackmania Nations Forever,unmatched,no_match,complete,low,unmatched_source_alias; demoted_weak_alias_match,Trackmania Nations Forever
trackmaniaorigextver,trackmania orig ext ver,Trackmania Orig Ext Ver,unmatched,no_match,complete,low,unmatched_source_alias; demoted_weak_alias_match,Trackmania Orig Ext Ver
trackmaniasunrise,trackmania sunrise,Trackmania Sunrise,unmatched,no_match,complete,low,unmatched_source_alias; demoted_weak_alias_match,Trackmania Sunrise
trackmaniasunriseexupgr,trackmania sunrise ex upgr,Trackmania Sunrise Ex Upgr,unmatched,no_match,complete,low,unmatched_source_alias; demoted_weak_alias_match,Trackmania Sunrise Ex Upgr
trackmaniaunited,trackmania united,Trackmania United,unmatched,no_match,complete,low,unmatched_source_alias; demoted_weak_alias_match,Trackmania United
trainzrailroadsim,trainz railroad sim,Trainz Railroad Sim,unmatched,no_match,complete,low,unmatched_source_alias; demoted_weak_alias_match,Trainz Railroad Sim
treasureisland,treasure island,Treasure Island,unmatched,no_match,complete,low,unmatched_source_alias; demoted_weak_alias_match,Treasure Island; Treasure Island v 1; Treasure Islandv1002
tribaltrouble,tribal trouble,Tribal Trouble,unmatched,no_match,complete,low,unmatched_source_alias; demoted_weak_alias_match,Tribal Trouble
tribesvengeance,tribes vengeance,Tribes Vengeance,unmatched,no_match,complete,low,unmatched_source_alias; demoted_weak_alias_match,Tribes Vengeance
tribunal,tribunal,Tribunal,unmatched,no_match,complete,low,unmatched_source_alias; demoted_weak_alias_match,Tribunal
trommy,trommy,Trommy,unmatched,no_match,complete,low,unmatched_source_alias; demoted_weak_alias_match,Trommy
tubetwist,tube twist,Tube Twist,unmatched,no_match,complete,low,unmatched_source_alias; demoted_weak_alias_match,Tube Twist
tunnelsoftheunderworld,tunnelsofthe underworld,Tunnelsofthe Underworld,unmatched,no_match,complete,low,unmatched_source_alias; demoted_weak_alias_match,Tunnelsofthe Underworld
turbolister6,turbo lister 6,Turbo Lister 6,unmatched,no_match,complete,low,unmatched_source_alias; demoted_weak_alias_match,Turbo Lister 6
turok2,turok 2,Turok 2,unmatched,no_match,complete,low,unmatched_source_alias; demoted_weak_alias_match,Turok 2
tuxracer,tux racer,Tux Racer,unmatched,no_match,complete,low,unmatched_source_alias; demoted_weak_alias_match,Tux Racer
tversity1,tversity 1,Tversity 1,unmatched,no_match,complete,low,unmatched_source_alias; demoted_weak_alias_match,Tversity 1
twoworlds,two worlds,Two Worlds,unmatched,no_match,complete,low,unmatched_source_alias; demoted_weak_alias_match,Two Worldsv; Two Worlds v 1; Two Worlds
tycooncitynewyork,tycoon city new york,Tycoon City New York,unmatched,no_match,complete,low,unmatched_source_alias; demoted_weak_alias_match,Tycoon City New York; Tycoon City New Yorkv
uefachampionsleague,uefa championsleague,UEFA Championsleague,unmatched,no_match,complete,low,unmatched_source_alias; demoted_weak_alias_match,UEFA Championsleague
ufoaftershock,ufo aftershock,UFO Aftershock,unmatched,no_match,complete,low,unmatched_source_alias; demoted_weak_alias_match,UFO Aftershock
usaracer,usa racer,USA Racer,unmatched,no_match,complete,low,unmatched_source_alias; demoted_weak_alias_match,USA Racer
ubisoftgamesforeveryone,ubisoft gamesfor everyone,Ubisoft Gamesfor Everyone,unmatched,no_match,complete,low,unmatched_source_alias; demoted_weak_alias_match,Ubisoft Gamesfor Everyone
ufoafterlight,ufo afterlight,Ufo Afterlight,unmatched,no_match,complete,low,unmatched_source_alias; demoted_weak_alias_match,Ufo Afterlight
ulisteinsteinschlag,uli stein steinschlag,Uli Stein Steinschlag,unmatched,no_match,complete,low,unmatched_source_alias; demoted_weak_alias_match,Uli Stein Steinschlag
undercoveroperationwintersonne,undercover operation wintersonne,Undercover Operation Wintersonne,unmatched,no_match,complete,low,unmatched_source_alias; demoted_weak_alias_match,Undercover Operation Wintersonne
undercoveroperationwstensonne,undercover operation wstensonne,Undercover Operation Wstensonne,unmatched,no_match,complete,low,unmatched_source_alias; demoted_weak_alias_match,Undercover Operation Wstensonne
universeatwarangriffszielerde,universeat war angriffsziel erde,Universeat War Angriffsziel Erde,unmatched,no_match,complete,low,unmatched_source_alias; demoted_weak_alias_match,Universeat War Angriffsziel Erde
unrealtournament,unreal tournament,Unreal Tournament,unmatched,no_match,complete,low,unmatched_source_alias; demoted_weak_alias_match,Unreal Tournament
unrealtournament3,unreal tournament 3,Unreal Tournament 3,unmatched,no_match,complete,low,unmatched_source_alias; demoted_weak_alias_match,Unreal Tournament 3; Unreal Tournament 3 v 1
upyours,up yours,Up Yours,unmatched,no_match,complete,low,unmatched_source_alias; demoted_weak_alias_match,Up Yours
uprising2,uprising 2,Uprising 2,unmatched,no_match,complete,low,unmatched_source_alias; demoted_weak_alias_match,Uprising 2
urlaubsraser,urlaubsraser,Urlaubsraser,unmatched,no_match,complete,low,unmatched_source_alias; demoted_weak_alias_match,Urlaubsraser
urmeldaspartyspiel,urmel das partyspiel,Urmel Das Partyspiel,unmatched,no_match,complete,low,unmatched_source_alias; demoted_weak_alias_match,Urmel Das Partyspiel
valitseasennuskieli,valitse asennuskieli,Valitse asennuskieli,unmatched,no_match,complete,low,unmatched_source_alias; demoted_weak_alias_match,Valitse asennuskieli
vampiresdawnancientblood,vampires dawn ancient blood,Vampires Dawn Ancient Blood,unmatched,no_match,complete,low,unmatched_source_alias; demoted_weak_alias_match,Vampires Dawn Ancient Blood
vampirjagd,vampirjagd,Vampirjagd,unmatched,no_match,complete,low,unmatched_source_alias; demoted_weak_alias_match,Vampirjagd
velayageschichteeinerkriegerin1,velaya geschichte einer kriegerin 1,Velaya - Geschichte einer Kriegerin 1,unmatched,no_match,complete,low,unmatched_source_alias; demoted_weak_alias_match,Velaya - Geschichte einer Kriegerin 1
verliebtinberlin,verliebt in berlin,Verliebt in Berlin,unmatched,no_match,complete,low,unmatched_source_alias; demoted_weak_alias_match,Verliebt in Berlin; Verliebtin Berlin
virtuafighter,virtua fighter,Virtua Fighter,unmatched,no_match,complete,low,unmatched_source_alias; demoted_weak_alias_match,Virtua Fighter
virtualskipper,virtual skipper,Virtual Skipper,unmatched,no_match,complete,low,unmatched_source_alias; demoted_weak_alias_match,Virtual Skipper
virtualstratton,virtual stratton,Virtual Stratton,unmatched,no_match,complete,low,unmatched_source_alias; demoted_weak_alias_match,Virtual Stratton
vistatuning,vista tuning,Vista Tuning,unmatched,no_match,complete,low,unmatched_source_alias; demoted_weak_alias_match,Vista Tuning
vivisector,vivisector,Vivisector,unmatched,no_match,complete,low,unmatched_source_alias; demoted_weak_alias_match,Vivisector
vogelpiraten,vogelpiraten,Vogelpiraten,unmatched,no_match,complete,low,unmatched_source_alias; demoted_weak_alias_match,Vogelpiraten
vybertejazyk,vyberte jazyk,Vyberte jazyk,unmatched,no_match,complete,low,unmatched_source_alias; demoted_weak_alias_match,Vyberte jazyk
vyrox,vyrox,Vyrox,unmatched,no_match,complete,low,unmatched_source_alias; demoted_weak_alias_match,Vyrox
wallacegromit,wallace gromit,Wallace Gromit,unmatched,no_match,complete,low,unmatched_source_alias; demoted_weak_alias_match,Wallace Gromit
warfront,war front,War Front,unmatched,no_match,complete,low,unmatched_source_alias; demoted_weak_alias_match,War Front
warfrontturningpoint,war front turning point,War Front Turning Point,unmatched,no_match,complete,low,unmatched_source_alias; demoted_weak_alias_match,War Front Turning Point
warleadersclashofnations,war leaders clashof nations,War Leaders Clashof Nations,unmatched,no_match,complete,low,unmatched_source_alias; demoted_weak_alias_match,War Leaders Clashof Nationsv101
warworldtacticalcombat,war world tactical combat,War World Tactical Combat,unmatched,no_match,complete,low,unmatched_source_alias; demoted_weak_alias_match,War World Tactical Combat
warcraftthefrozenthrone,warcraft the frozen throne,Warcraft The Frozen Throne,unmatched,no_match,complete,low,unmatched_source_alias; demoted_weak_alias_match,Warcraft The Frozen Throne v 1; Warcraft The Frozen Thronev121b
warhammer40000,warhammer 40000,Warhammer 40000,unmatched,no_match,complete,low,unmatched_source_alias; demoted_weak_alias_match,Warhammer 40000
warhammerdawnofwardarkcrusade,warhammer dawnof war dark crusade,Warhammer Dawnof War Dark Crusade,unmatched,no_match,complete,low,unmatched_source_alias; demoted_weak_alias_match,Warhammer Dawnof War Dark Crusade
warhammerdawnofwarsoulstorm,warhammer dawnof war soulstorm,Warhammer Dawnof War Soulstorm,unmatched,no_match,complete,low,unmatched_source_alias; demoted_weak_alias_match,Warhammer Dawnof War Soulstorm
warhammermarkofchaos,warhammer markof chaos,Warhammer Markof Chaos,unmatched,no_match,complete,low,unmatched_source_alias; demoted_weak_alias_match,Warhammer Markof Chaos; Warhammer Markof Chaosv; Warhammer Markof Chaosv172
warhammerwinterassault,warhammer winter assault,Warhammer Winter Assault,unmatched,no_match,complete,low,unmatched_source_alias; demoted_weak_alias_match,Warhammer Winter Assault
warhound,warhound,Warhound,unmatched,no_match,complete,low,unmatched_source_alias; demoted_weak_alias_match,Warhound
wazzal,wazzal,Wazzal,unmatched,no_match,complete,low,unmatched_source_alias; demoted_weak_alias_match,Wazzal
wchterdernacht,wchterder nacht,Wchterder Nacht,unmatched,no_match,complete,low,unmatched_source_alias; demoted_weak_alias_match,Wchterder Nacht
weissebescheiddashorstschlmmerquiz,weisse bescheid das horst schlmmer quiz,Weisse Bescheid Das Horst Schlmmer Quiz,unmatched,no_match,complete,low,unmatched_source_alias; demoted_weak_alias_match,Weisse Bescheid Das Horst Schlmmer Quiz
wernerflitzkackealarm,werner flitzkacke alarm,Werner Flitzkacke Alarm,unmatched,no_match,complete,low,unmatched_source_alias; demoted_weak_alias_match,Werner Flitzkacke Alarm
wespenjagd2,wespenjagd 2,Wespenjagd 2,unmatched,no_match,complete,low,unmatched_source_alias; demoted_weak_alias_match,Wespenjagd 2
wettmelken,wettmelken,Wettmelken,unmatched,no_match,complete,low,unmatched_source_alias; demoted_weak_alias_match,Wettmelken
wikingerhelden,wikingerhelden,Wikingerhelden,unmatched,no_match,complete,low,unmatched_source_alias; demoted_weak_alias_match,Wikingerhelden
wildlifepark2,wild life park 2,Wild Life Park 2,unmatched,no_match,complete,low,unmatched_source_alias; demoted_weak_alias_match,Wild Life Park 2
wildlifepark,wildlife park,Wildlife Park,unmatched,no_match,complete,low,unmatched_source_alias; demoted_weak_alias_match,Wildlife Park
wildlifepark2crazyzoo,wildlife park 2 crazy zoo,Wildlife Park 2 Crazy Zoo,unmatched,no_match,complete,low,unmatched_source_alias; demoted_weak_alias_match,Wildlife Park 2 Crazy Zoo; Wildlife Park2 Crazy Zoo
wildlifeparkcrazyzoo,wildlife park crazy zoo,Wildlife Park Crazy Zoo,unmatched,no_match,complete,low,unmatched_source_alias; demoted_weak_alias_match,Wildlife Park Crazy Zoo
wilkanoid,wilkanoid,Wilkanoid,unmatched,no_match,complete,low,unmatched_source_alias; demoted_weak_alias_match,Wilkanoid
winexpert,win expert,Win Expert,unmatched,no_match,complete,low,unmatched_source_alias; demoted_weak_alias_match,Win Expert
windchaser,windchaser,Windchaser,unmatched,no_match,complete,low,unmatched_source_alias; demoted_weak_alias_match,Windchaser
wingsofwars,wings of wars,Wings of Wars,unmatched,no_match,complete,low,unmatched_source_alias; demoted_weak_alias_match,Wings of Wars
worldchallenge,world challenge,World Challenge,unmatched,no_match,complete,low,unmatched_source_alias; demoted_weak_alias_match,World Challenge
worldchampionbillardfeaturinggustavozito,world champion billard featuring gustavo zito,World Champion Billard Featuring Gustavo Zito,unmatched,no_match,complete,low,unmatched_source_alias; demoted_weak_alias_match,World Champion Billard Featuring Gustavo Zito
worldconflict,world conflict,World Conflict,unmatched,no_match,complete,low,unmatched_source_alias; demoted_weak_alias_match,World Conflict
worldpokerchampionship2finaltableshowdown,world poker championship 2 final table showdown,World Poker Championship 2 Final Table Showdown,unmatched,no_match,complete,low,unmatched_source_alias; demoted_weak_alias_match,World Poker Championship 2 Final Table Showdown; World Poker Championship2 Final Table Showdown
worldracing,world racing,World Racing,unmatched,no_match,complete,low,unmatched_source_alias; demoted_weak_alias_match,World Racing
worldracing2,world racing 2,World Racing 2,unmatched,no_match,complete,low,unmatched_source_alias; demoted_weak_alias_match,World Racing 2
worldshift,world shift,World Shift,unmatched,no_match,complete,low,unmatched_source_alias; demoted_weak_alias_match,World Shift
worldwar2pacificheroes,world war 2 pacific heroes,World War 2 Pacific Heroes,unmatched,no_match,complete,low,unmatched_source_alias; demoted_weak_alias_match,World War 2 Pacific Heroes
worldwarpacificheroes,world war pacific heroes,World War Pacific Heroes,unmatched,no_match,complete,low,unmatched_source_alias; demoted_weak_alias_match,World War Pacific Heroes
worldinconflict,world in conflict,World in Conflict,unmatched,no_match,complete,low,unmatched_source_alias; demoted_weak_alias_match,Worldin Conflict; Worldin Conflictv1002; Worldin Conflictv1006; Worldin Conflictv1009; World in Conflict
worldofgoo,world of goo,World of Goo,unmatched,no_match,complete,low,unmatched_source_alias; demoted_weak_alias_match,World of Goo
worldofwarcraft,world of warcraft,World of Warcraft,unmatched,no_match,complete,low,unmatched_source_alias; demoted_weak_alias_match,World of Warcraft; Worldof Warcraftv
worldofchaos,worldof chaos,Worldof Chaos,unmatched,no_match,complete,low,unmatched_source_alias; demoted_weak_alias_match,Worldof Chaos
worldofqin,worldof qin,Worldof Qin,unmatched,no_match,complete,low,unmatched_source_alias; demoted_weak_alias_match,Worldof Qin
worldofsocceronline,worldof soccer online,Worldof Soccer Online,unmatched,no_match,complete,low,unmatched_source_alias; demoted_weak_alias_match,Worldof Soccer Online
worldofwarcrafttheburningcrusade,worldof warcraft the burning crusade,Worldof Warcraft The Burning Crusade,unmatched,no_match,complete,low,unmatched_source_alias; demoted_weak_alias_match,Worldof Warcraft The Burning Crusade
worms4mayhem,worms 4 mayhem,Worms 4 Mayhem,unmatched,no_match,complete,low,unmatched_source_alias; demoted_weak_alias_match,Worms 4 Mayhem
wormsfortsunterbelager,worms forts unter belager,Worms Forts Unter Belager,unmatched,no_match,complete,low,unmatched_source_alias; demoted_weak_alias_match,Worms Forts Unter Belager
wormsopenwarfare,worms open warfare,Worms Open Warfare,unmatched,no_match,complete,low,unmatched_source_alias; demoted_weak_alias_match,Worms Open Warfare
wormux,wormux,Wormux,unmatched,no_match,complete,low,unmatched_source_alias; demoted_weak_alias_match,Wormux
wuchtel,wuchtel,Wuchtel,unmatched,no_match,complete,low,unmatched_source_alias; demoted_weak_alias_match,Wuchtel
wuchtelmitderzauberfuchtel,wuchtel mit der zauberfuchtel,Wuchtel mit der Zauberfuchtel,unmatched,no_match,complete,low,unmatched_source_alias; demoted_weak_alias_match,Wuchtelmitder Zauberfuchtel; Wuchtel mit der Zauberfuchtel
xbeyondthefrontier,x beyond the frontier,X Beyond the frontier,unmatched,no_match,complete,low,unmatched_source_alias; demoted_weak_alias_match,X Beyond the frontier
xblades,x blades,X Blades,unmatched,no_match,complete,low,unmatched_source_alias; demoted_weak_alias_match,X Blades
xmashockey,x mas hockey,X Mas Hockey,unmatched,no_match,complete,low,unmatched_source_alias; demoted_weak_alias_match,X Mas Hockey
xmenlegends2,x men legends 2,X Men Legends 2,unmatched,no_match,complete,low,unmatched_source_alias; demoted_weak_alias_match,X Men Legends 2
xmoto,x moto,X Moto,unmatched,no_match,complete,low,unmatched_source_alias; demoted_weak_alias_match,X Moto; XMoto
x2diebedrohung,x2 die bedrohung,X2 Die Bedrohung,unmatched,no_match,complete,low,unmatched_source_alias; demoted_weak_alias_match,X2 Die Bedrohung
x2dierueckkehr,x2 die rueckkehr,X2 Die Rueckkehr,unmatched,no_match,complete,low,unmatched_source_alias; demoted_weak_alias_match,X2 Die Rueckkehr
x3reunion,x3 reunion,X3 Reunion,unmatched,no_match,complete,low,unmatched_source_alias; demoted_weak_alias_match,X3 Reunion v 1 2 01; X3 Reunion
xpandrally,xpand rally,Xpand Rally,unmatched,no_match,complete,low,unmatched_source_alias; demoted_weak_alias_match,Xpand Rally
xpandrallyextreme,xpand rally extreme,Xpand Rally Extreme,unmatched,no_match,complete,low,unmatched_source_alias; demoted_weak_alias_match,Xpand Rally Extreme
xpandrallyxtreme,xpand rally xtreme,Xpand Rally Xtreme,unmatched,no_match,complete,low,unmatched_source_alias; demoted_weak_alias_match,Xpand Rally Xtreme
yapalaguatemala,yapala guatemala,"Yapala, Guatemala",unmatched,no_match,complete,low,unmatched_source_alias; demoted_weak_alias_match,"Yapala, Guatemala"
yetisports,yeti sports,Yeti Sports,unmatched,no_match,complete,low,unmatched_source_alias; demoted_weak_alias_match,Yeti Sports
yetisportsclassic,yeti sports classic,Yeti Sports Classic,unmatched,no_match,complete,low,unmatched_source_alias; demoted_weak_alias_match,Yeti Sports Classic
yetisportsdeluxe,yeti sports deluxe,Yeti Sports Deluxe,unmatched,no_match,complete,low,unmatched_source_alias; demoted_weak_alias_match,Yeti Sports Deluxe
zetrix,zetrix,Zetrix,unmatched,no_match,complete,low,unmatched_source_alias; demoted_weak_alias_match,Zetrix
zeusherrscherdesolymp,zeus herrscher des olymp,Zeus Herrscher des Olymp,unmatched,no_match,complete,low,unmatched_source_alias; demoted_weak_alias_match,Zeus Herrscher des Olymp
zooempire,zoo empire,Zoo Empire,unmatched,no_match,complete,low,unmatched_source_alias; demoted_weak_alias_match,Zoo Empirev; Zoo Empire; Zoo Empire CBSVersionv
zooempiretiermemory,zoo empire tier memory,Zoo Empire Tier Memory,unmatched,no_match,complete,low,unmatched_source_alias; demoted_weak_alias_match,Zoo Empire Tier Memory
zootycoon2,zoo tycoon 2,Zoo Tycoon 2,unmatched,no_match,complete,low,unmatched_source_alias; demoted_weak_alias_match,Zoo Tycoon 2; Zoo Tycoon 2 v 20 11 00
zootycoon2enspecies,zoo tycoon 2 en species,Zoo Tycoon 2 En Species,unmatched,no_match,complete,low,unmatched_source_alias; demoted_weak_alias_match,Zoo Tycoon 2 En Species
zossobowling,zosso bowling,Zosso Bowling,unmatched,no_match,complete,low,unmatched_source_alias; demoted_weak_alias_match,Zosso Bowling
zweistein,zweistein,Zweistein,unmatched,no_match,complete,low,unmatched_source_alias; demoted_weak_alias_match,Zweistein
zwlfzehn,zwlfzehn,Zwlfzehn,unmatched,no_match,complete,low,unmatched_source_alias; demoted_weak_alias_match,Zwlfzehn
zworx,zworx,Zworx,unmatched,no_match,complete,low,unmatched_source_alias; demoted_weak_alias_match,Zworx
armordigit,armor digit,armor digit,unmatched,no_match,complete,low,unmatched_source_alias; demoted_weak_alias_match,armor digit
cameralockax,camera lock ax,camera lock ax,unmatched,no_match,complete,low,unmatched_source_alias; demoted_weak_alias_match,camera lock ax
citiesonline,cities online,cities online,unmatched,no_match,complete,low,unmatched_source_alias; demoted_weak_alias_match,cities online
dungeonquest,dungeon quest,dungeon quest,unmatched,no_match,complete,low,unmatched_source_alias; demoted_weak_alias_match,dungeon quest
dzial1,dzial 1,dzial 1,unmatched,no_match,complete,low,unmatched_source_alias; demoted_weak_alias_match,dzial 1
dzial2,dzial 2,dzial 2,unmatched,no_match,complete,low,unmatched_source_alias; demoted_weak_alias_match,dzial 2
dzial3,dzial 3,dzial 3,unmatched,no_match,complete,low,unmatched_source_alias; demoted_weak_alias_match,dzial 3
dzial4,dzial 4,dzial 4,unmatched,no_match,complete,low,unmatched_source_alias; demoted_weak_alias_match,dzial 4
dzial5,dzial 5,dzial 5,unmatched,no_match,complete,low,unmatched_source_alias; demoted_weak_alias_match,dzial 5
flipmyszinv,flip mysz inv,flip mysz inv,unmatched,no_match,complete,low,unmatched_source_alias; demoted_weak_alias_match,flip mysz inv
grayoutgrenade,grayout grenade,grayout grenade,unmatched,no_match,complete,low,unmatched_source_alias; demoted_weak_alias_match,grayout grenade
grayoutgun,grayout gun,grayout gun,unmatched,no_match,complete,low,unmatched_source_alias; demoted_weak_alias_match,grayout gun
grenadename,grenade name,grenade name,unmatched,no_match,complete,low,unmatched_source_alias; demoted_weak_alias_match,grenade name
healthdigit,health digit,health digit,unmatched,no_match,complete,low,unmatched_source_alias; demoted_weak_alias_match,health digit
ikonkanazakladce1naboj,ikonka na zakladce 1 naboj,ikonka na zakladce 1 naboj,unmatched,no_match,complete,low,unmatched_source_alias; demoted_weak_alias_match,ikonka na zakladce 1 naboj
ikonkanazakladce1pistolet,ikonka na zakladce 1 pistolet,ikonka na zakladce 1 pistolet,unmatched,no_match,complete,low,unmatched_source_alias; demoted_weak_alias_match,ikonka na zakladce 1 pistolet
ikonkanazakladce2karabin,ikonka na zakladce 2 karabin,ikonka na zakladce 2 karabin,unmatched,no_match,complete,low,unmatched_source_alias; demoted_weak_alias_match,ikonka na zakladce 2 karabin
ikonkanazakladce3naboj,ikonka na zakladce 3 naboj,ikonka na zakladce 3 naboj,unmatched,no_match,complete,low,unmatched_source_alias; demoted_weak_alias_match,ikonka na zakladce 3 naboj
ikonkanazakladce4luneta,ikonka na zakladce 4 luneta,ikonka na zakladce 4 luneta,unmatched,no_match,complete,low,unmatched_source_alias; demoted_weak_alias_match,ikonka na zakladce 4 luneta
increasestackundrmouse,increase stack undr mouse,increase stack undr mouse,unmatched,no_match,complete,low,unmatched_source_alias; demoted_weak_alias_match,increase stack undr mouse
invloadparent,inv load parent,inv Load parent,unmatched,no_match,complete,low,unmatched_source_alias; demoted_weak_alias_match,inv Load parent
kompasbots,kompas bots,kompas bots,unmatched,no_match,complete,low,unmatched_source_alias; demoted_weak_alias_match,kompas bots
kompasbusola,kompas busola,kompas busola,unmatched,no_match,complete,low,unmatched_source_alias; demoted_weak_alias_match,kompas busola
kompasdamage,kompas damage,kompas damage,unmatched,no_match,complete,low,unmatched_source_alias; demoted_weak_alias_match,kompas damage
lightdigit,light digit,light digit,unmatched,no_match,complete,low,unmatched_source_alias; demoted_weak_alias_match,light digit
minusdetails,minus details,minus Details,unmatched,no_match,complete,low,unmatched_source_alias; demoted_weak_alias_match,minus Details
minusgewehre,minus gewehre,minus GEWEHRE,unmatched,no_match,complete,low,unmatched_source_alias; demoted_weak_alias_match,minus GEWEHRE
minuskampf,minus kampf,minus KAMPF,unmatched,no_match,complete,low,unmatched_source_alias; demoted_weak_alias_match,minus KAMPF
minuskraft,minus kraft,minus KRAFT,unmatched,no_match,complete,low,unmatched_source_alias; demoted_weak_alias_match,minus KRAFT
minusmachinenpistolen,minus machinenpistolen,minus MACHINENPISTOLEN,unmatched,no_match,complete,low,unmatched_source_alias; demoted_weak_alias_match,minus MACHINENPISTOLEN
minusnahkampf,minus nahkampf,minus NAHKAMPF,unmatched,no_match,complete,low,unmatched_source_alias; demoted_weak_alias_match,minus NAHKAMPF
minuspistolen,minus pistolen,minus PISTOLEN,unmatched,no_match,complete,low,unmatched_source_alias; demoted_weak_alias_match,minus PISTOLEN
minusschottflinten,minus schottflinten,minus SCHOTTFLINTEN,unmatched,no_match,complete,low,unmatched_source_alias; demoted_weak_alias_match,minus SCHOTTFLINTEN
minustarnung,minus tarnung,minus TARNUNG,unmatched,no_match,complete,low,unmatched_source_alias; demoted_weak_alias_match,minus TARNUNG
minustechnik,minus technik,minus TECHNIK,unmatched,no_match,complete,low,unmatched_source_alias; demoted_weak_alias_match,minus TECHNIK
mysteriousvoid,mysterious void,mysterious void,unmatched,no_match,complete,low,unmatched_source_alias; demoted_weak_alias_match,mysterious void
naziemie,na ziemie,na ziemie,unmatched,no_match,complete,low,unmatched_source_alias; demoted_weak_alias_match,na ziemie
ndamericascupdasspiel,nd americas cup das spiel,nd Americas Cup Das Spiel,unmatched,no_match,complete,low,unmatched_source_alias; demoted_weak_alias_match,nd Americas Cup Das Spiel
numofgrenadesleft,num of grenades left,num of grenades left,unmatched,no_match,complete,low,unmatched_source_alias; demoted_weak_alias_match,num of grenades left
onlineangebotegamesload,onlineangebote gamesload,onlineangebote gamesload,unmatched,no_match,complete,low,unmatched_source_alias; demoted_weak_alias_match,onlineangebote gamesload
onlineangebotemetaboli,onlineangebote metaboli,onlineangebote metaboli,unmatched,no_match,complete,low,unmatched_source_alias; demoted_weak_alias_match,onlineangebote metaboli
onlineangebotesmall,onlineangebote small,onlineangebote small,unmatched,no_match,complete,low,unmatched_source_alias; demoted_weak_alias_match,onlineangebote small
onlinespieldrachen,onlinespiel drachen,onlinespiel drachen,unmatched,no_match,complete,low,unmatched_source_alias; demoted_weak_alias_match,onlinespiel drachen
parentkeymapper,parent keymapper,parent keymapper,unmatched,no_match,complete,low,unmatched_source_alias; demoted_weak_alias_match,parent keymapper
parentprofile,parent profile,parent profile,unmatched,no_match,complete,low,unmatched_source_alias; demoted_weak_alias_match,parent profile
parentsingle,parent single,parent single,unmatched,no_match,complete,low,unmatched_source_alias; demoted_weak_alias_match,parent single
plusdetails,plus details,plus Details,unmatched,no_match,complete,low,unmatched_source_alias; demoted_weak_alias_match,plus Details
plusgewehre,plus gewehre,plus GEWEHRE,unmatched,no_match,complete,low,unmatched_source_alias; demoted_weak_alias_match,plus GEWEHRE
pluskampf,plus kampf,plus KAMPF,unmatched,no_match,complete,low,unmatched_source_alias; demoted_weak_alias_match,plus KAMPF
pluskraft,plus kraft,plus KRAFT,unmatched,no_match,complete,low,unmatched_source_alias; demoted_weak_alias_match,plus KRAFT
plusmachinenpistolen,plus machinenpistolen,plus MACHINENPISTOLEN,unmatched,no_match,complete,low,unmatched_source_alias; demoted_weak_alias_match,plus MACHINENPISTOLEN
plusnahkampf,plus nahkampf,plus NAHKAMPF,unmatched,no_match,complete,low,unmatched_source_alias; demoted_weak_alias_match,plus NAHKAMPF
pluspistolen,plus pistolen,plus PISTOLEN,unmatched,no_match,complete,low,unmatched_source_alias; demoted_weak_alias_match,plus PISTOLEN
plusschottflinten,plus schottflinten,plus SCHOTTFLINTEN,unmatched,no_match,complete,low,unmatched_source_alias; demoted_weak_alias_match,plus SCHOTTFLINTEN
plustarnung,plus tarnung,plus TARNUNG,unmatched,no_match,complete,low,unmatched_source_alias; demoted_weak_alias_match,plus TARNUNG
plustechnik,plus technik,plus TECHNIK,unmatched,no_match,complete,low,unmatched_source_alias; demoted_weak_alias_match,plus TECHNIK
poczatekramki,poczatek ramki,poczatek ramki,unmatched,no_match,complete,low,unmatched_source_alias; demoted_weak_alias_match,poczatek ramki
progressaim,progress aim,progress aim,unmatched,no_match,complete,low,unmatched_source_alias; demoted_weak_alias_match,progress aim
progressarmor,progress armor,progress armor,unmatched,no_match,complete,low,unmatched_source_alias; demoted_weak_alias_match,progress armor
progresslife,progress life,progress life,unmatched,no_match,complete,low,unmatched_source_alias; demoted_weak_alias_match,progress life
progresslightning,progress lightning,progress lightning,unmatched,no_match,complete,low,unmatched_source_alias; demoted_weak_alias_match,progress lightning
progressnoise,progress noise,progress noise,unmatched,no_match,complete,low,unmatched_source_alias; demoted_weak_alias_match,progress noise
progressstamina,progress stamina,progress stamina,unmatched,no_match,complete,low,unmatched_source_alias; demoted_weak_alias_match,progress stamina
progressweaphealth,progress weap health,progress weap health,unmatched,no_match,complete,low,unmatched_source_alias; demoted_weak_alias_match,progress weap health
rageclawonline,rageclaw online,rageclaw online,unmatched,no_match,complete,low,unmatched_source_alias; demoted_weak_alias_match,rageclaw online
ramkaniska,ramka niska,ramka niska,unmatched,no_match,complete,low,unmatched_source_alias; demoted_weak_alias_match,ramka niska
ramkawstanie,ramka wstanie,ramka wstanie,unmatched,no_match,complete,low,unmatched_source_alias; demoted_weak_alias_match,ramka wstanie
ramkawysoka,ramka wysoka,ramka wysoka,unmatched,no_match,complete,low,unmatched_source_alias; demoted_weak_alias_match,ramka wysoka
ramkawysokaporaz2,ramka wysoka po raz 2,ramka wysoka po raz 2,unmatched,no_match,complete,low,unmatched_source_alias; demoted_weak_alias_match,ramka wysoka po raz 2
releasecamera,release camera,release camera,unmatched,no_match,complete,low,unmatched_source_alias; demoted_weak_alias_match,release camera
reservedforprogresscopy,reserved for progress copy,reserved for progress copy,unmatched,no_match,complete,low,unmatched_source_alias; demoted_weak_alias_match,reserved for progress copy
shopbasket,shop basket,shop basket,unmatched,no_match,complete,low,unmatched_source_alias; demoted_weak_alias_match,shop basket
shopvendor,shop vendor,shop vendor,unmatched,no_match,complete,low,unmatched_source_alias; demoted_weak_alias_match,shop vendor
silencer0,silencer 0,silencer 0,unmatched,no_match,complete,low,unmatched_source_alias; demoted_weak_alias_match,silencer 0
silencer1,silencer 1,silencer 1,unmatched,no_match,complete,low,unmatched_source_alias; demoted_weak_alias_match,silencer 1
silencer2,silencer 2,silencer 2,unmatched,no_match,complete,low,unmatched_source_alias; demoted_weak_alias_match,silencer 2
slidergammakorrekteur,slider gammakorrekteur,slider Gammakorrekteur,unmatched,no_match,complete,low,unmatched_source_alias; demoted_weak_alias_match,slider Gammakorrekteur
slidersfx,slider sfx,slider Sfx,unmatched,no_match,complete,low,unmatched_source_alias; demoted_weak_alias_match,slider Sfx
sounddigit,sound digit,sound digit,unmatched,no_match,complete,low,unmatched_source_alias; demoted_weak_alias_match,sound digit
staminadigit,stamina digit,stamina digit,unmatched,no_match,complete,low,unmatched_source_alias; demoted_weak_alias_match,stamina digit
testnowegobuttonastyl2,test nowego buttona styl 2,test nowego buttona styl 2,unmatched,no_match,complete,low,unmatched_source_alias; demoted_weak_alias_match,test nowego buttona styl 2
transactionvalue,transaction value,transaction value,unmatched,no_match,complete,low,unmatched_source_alias; demoted_weak_alias_match,transaction value
weaponjammed,weapon jammed,weapon jammed,unmatched,no_match,complete,low,unmatched_source_alias; demoted_weak_alias_match,weapon jammed
weaponname,weapon name,weapon name,unmatched,no_match,complete,low,unmatched_source_alias; demoted_weak_alias_match,weapon name
weaponstatusdigit,weapon status digit,weapon status digit,unmatched,no_match,complete,low,unmatched_source_alias; demoted_weak_alias_match,weapon status digit
weaponunuseable,weapon unuseable,weapon unuseable,unmatched,no_match,complete,low,unmatched_source_alias; demoted_weak_alias_match,weapon unuseable
zziemi,z ziemi,z ziemi,unmatched,no_match,complete,low,unmatched_source_alias; demoted_weak_alias_match,z ziemi
